build,source_file,string_address,xref_address,xref_kind,caller_function,line_number,line_evidence,assert_call_address,assert_target,diagnostic_operand,message_kind,diagnostic_address,diagnostic,confidence
june_legacy,shell\shell.c,0x00487FD0,0x00402353,decoded push imm32,,428,adjacent decoded immediate push,0x00402358,0x00477920,0x48400c,immediate_string,0x0048400C,invalid difficulty value,contiguous decoded five-instruction dispatcher pattern
june_legacy,shell\shell.c,0x00487FD0,0x0040573A,decoded push imm32,,2902,adjacent decoded immediate push,0x0040573F,0x00477920,eax,dynamic,,,contiguous decoded five-instruction dispatcher pattern
june_legacy,shell\shell.c,0x00487FD0,0x00405CFC,decoded push imm32,,3073,adjacent decoded immediate push,0x00405D01,0x00477920,0x48410a,immediate_string,0x0048410A,illegal exit code in shell.open,contiguous decoded five-instruction dispatcher pattern
june_legacy,shell\shell.c,0x00487FD0,0x004061A5,decoded push imm32,,2902,adjacent decoded immediate push,0x004061AA,0x00477920,edi,dynamic,,,contiguous decoded five-instruction dispatcher pattern
june_legacy,shell\biomenu.c,0x00488190,0x0040B9DB,decoded push imm32,,316,adjacent decoded immediate push,0x0040B9E0,0x00477920,edi,dynamic,,,contiguous decoded five-instruction dispatcher pattern
june_legacy,shell\biomenu.c,0x00488190,0x0040BA15,decoded push imm32,,320,adjacent decoded immediate push,0x0040BA1A,0x00477920,edx,dynamic,,,contiguous decoded five-instruction dispatcher pattern
june_legacy,shell\pilotgui.c,0x00488310,0x00410116,decoded push imm32,,137,adjacent decoded immediate push,0x0041011B,0x00477920,eax,dynamic,,,contiguous decoded five-instruction dispatcher pattern
june_legacy,shell\commscrn.c,0x004883D0,0x004121CD,decoded push imm32,,349,adjacent decoded immediate push,0x004121D2,0x00477920,eax,dynamic,,,contiguous decoded five-instruction dispatcher pattern
june_legacy,shell\commscrn.c,0x004883D0,0x0041220E,decoded push imm32,,354,adjacent decoded immediate push,0x00412213,0x00477920,eax,dynamic,,,contiguous decoded five-instruction dispatcher pattern
june_legacy,shell\commscrn.c,0x004883D0,0x004122A5,decoded push imm32,,362,adjacent decoded immediate push,0x004122AA,0x00477920,eax,dynamic,,,contiguous decoded five-instruction dispatcher pattern
june_legacy,shell\commscrn.c,0x004883D0,0x0041296F,decoded push imm32,,614,adjacent decoded immediate push,0x00412974,0x00477920,eax,dynamic,,,contiguous decoded five-instruction dispatcher pattern
june_legacy,shell\commscrn.c,0x004883D0,0x00412A9A,decoded push imm32,,639,adjacent decoded immediate push,0x00412A9F,0x00477920,eax,dynamic,,,contiguous decoded five-instruction dispatcher pattern
june_legacy,shell\commscrn.c,0x004883D0,0x00413989,decoded push imm32,,1041,adjacent decoded immediate push,0x0041398E,0x00477920,0x48494f,immediate_string,0x0048494F,mission type index was greater than 3,contiguous decoded five-instruction dispatcher pattern
june_legacy,shell\missbrf.c,0x00488550,0x004146E5,decoded push imm32,,68,adjacent decoded immediate push,0x004146EA,0x00477920,0x4849c8,immediate_string,0x004849C8,mission number > MAX_CAMPAIGNS,contiguous decoded five-instruction dispatcher pattern
june_legacy,shell\hercbay.c,0x004885F0,0x00415116,decoded push imm32,,101,adjacent decoded immediate push,0x0041511B,0x00477920,eax,dynamic,,,contiguous decoded five-instruction dispatcher pattern
june_legacy,shell\hercbuy.c,0x00488628,0x00415D0F,decoded push imm32,,185,adjacent decoded immediate push,0x00415D14,0x00477920,eax,dynamic,,,contiguous decoded five-instruction dispatcher pattern
june_legacy,shell\hercbuy.c,0x00488628,0x00416D1D,decoded push imm32,,785,adjacent decoded immediate push,0x00416D22,0x00477920,0x484aa8,immediate_string,0x00484AA8,no text for purchase window,contiguous decoded five-instruction dispatcher pattern
june_legacy,shell\hbupgrad.c,0x00488818,0x00418AE3,decoded push imm32,,262,adjacent decoded immediate push,0x00418AE8,0x00477920,eax,dynamic,,,contiguous decoded five-instruction dispatcher pattern
june_legacy,shell\mphbase.c,0x00488A50,0x0041D175,decoded push imm32,,149,adjacent decoded immediate push,0x0041D17A,0x00477920,0x484b64,immediate_string,0x00484B64,"Tried to open Mph_base, already opened...",contiguous decoded five-instruction dispatcher pattern
june_legacy,shell\mplaunch.c,0x00488AE8,0x0041F26D,decoded push imm32,,280,adjacent decoded immediate push,0x0041F272,0x00477920,0x484c24,immediate_string,0x00484C24,"Tried to open MpLaunch, already opened...try restarting CyberStorm.",contiguous decoded five-instruction dispatcher pattern
june_legacy,shell\mplaunch.c,0x00488AE8,0x00421617,decoded push imm32,,1247,adjacent decoded immediate push,0x0042161C,0x00477920,0x484c8b,immediate_string,0x00484C8B,impossible case value in setActiveButtons,contiguous decoded five-instruction dispatcher pattern
june_legacy,gui\flic.c,0x00488CB8,0x00423FA9,decoded push imm32,,42,adjacent decoded immediate push,0x00423FAE,0x00477920,0x0,null,,,contiguous decoded five-instruction dispatcher pattern
june_legacy,gui\menu.c,0x00488D4C,0x0042612F,decoded push imm32,,261,adjacent decoded immediate push,0x00426134,0x00477920,0x0,null,,,contiguous decoded five-instruction dispatcher pattern
june_legacy,terr\tgrid.c,0x00489DAC,0x00428D94,decoded push imm32,,118,adjacent decoded immediate push,0x00428D99,0x00477920,0x0,null,,,contiguous decoded five-instruction dispatcher pattern
june_legacy,terr\tgrid.c,0x00489DAC,0x004294F3,decoded push imm32,,368,adjacent decoded immediate push,0x004294F8,0x00477920,0x0,null,,,contiguous decoded five-instruction dispatcher pattern
june_legacy,terr\tdisplay.c,0x00489DBC,0x00429985,decoded push imm32,,113,adjacent decoded immediate push,0x0042998A,0x00477920,eax,dynamic,,,contiguous decoded five-instruction dispatcher pattern
june_legacy,terr\tarea.c,0x00489DE0,0x0042AAF0,decoded push imm32,,143,adjacent decoded immediate push,0x0042AAF5,0x00477920,0x0,null,,,contiguous decoded five-instruction dispatcher pattern
june_legacy,terr\tsurface.c,0x00489EFC,0x0042FA40,decoded push imm32,,795,adjacent decoded immediate push,0x0042FA45,0x00477920,eax,dynamic,,,contiguous decoded five-instruction dispatcher pattern
june_legacy,terr\tsurface.c,0x00489EFC,0x0042FA5F,decoded push imm32,,799,adjacent decoded immediate push,0x0042FA64,0x00477920,0x0,null,,,contiguous decoded five-instruction dispatcher pattern
june_legacy,terr\tsurface.c,0x00489EFC,0x0042FA86,decoded push imm32,,805,adjacent decoded immediate push,0x0042FA8B,0x00477920,0x0,null,,,contiguous decoded five-instruction dispatcher pattern
june_legacy,terr\tsurface.c,0x00489EFC,0x0042FB1D,decoded push imm32,,832,adjacent decoded immediate push,0x0042FB22,0x00477920,eax,dynamic,,,contiguous decoded five-instruction dispatcher pattern
june_legacy,terr\tfog.c,0x00489F48,0x00430E8E,decoded push imm32,,63,adjacent decoded immediate push,0x00430E93,0x00477920,0x0,null,,,contiguous decoded five-instruction dispatcher pattern
june_legacy,terr\tbuild.c,0x00489F7C,0x0043152C,decoded push imm32,,93,adjacent decoded immediate push,0x00431531,0x00477920,ebx,dynamic,,,contiguous decoded five-instruction dispatcher pattern
june_legacy,terr\tfast.c,0x00489FBC,0x00432AAB,decoded push imm32,,45,adjacent decoded immediate push,0x00432AB0,0x00477920,0x0,null,,,contiguous decoded five-instruction dispatcher pattern
june_legacy,pop\psystem.c,0x00499908,0x00441E6B,decoded push imm32,,211,adjacent decoded immediate push,0x00441E70,0x00477920,0x0,null,,,contiguous decoded five-instruction dispatcher pattern
june_legacy,pop\pherc.c,0x00499994,0x004435BC,decoded push imm32,,300,adjacent decoded immediate push,0x004435C1,0x00477920,eax,dynamic,,,contiguous decoded five-instruction dispatcher pattern
june_legacy,pop\ppilot.c,0x004999C0,0x0044466D,decoded push imm32,,94,adjacent decoded immediate push,0x00444672,0x00477920,eax,dynamic,,,contiguous decoded five-instruction dispatcher pattern
june_legacy,pop\ppilot.c,0x004999C0,0x004447EB,decoded push imm32,,133,adjacent decoded immediate push,0x004447F0,0x00477920,0x0,null,,,contiguous decoded five-instruction dispatcher pattern
june_legacy,pop\pdeath.c,0x00499A24,0x00446888,decoded push imm32,,51,adjacent decoded immediate push,0x0044688D,0x00477920,eax,dynamic,,,contiguous decoded five-instruction dispatcher pattern
june_legacy,sim\sim.c,0x00499A94,0x00448A57,decoded push imm32,,515,adjacent decoded immediate push,0x00448A5C,0x00477920,eax,dynamic,,,contiguous decoded five-instruction dispatcher pattern
june_legacy,sim\sim.c,0x00499A94,0x00448A90,decoded push imm32,,518,adjacent decoded immediate push,0x00448A95,0x00477920,eax,dynamic,,,contiguous decoded five-instruction dispatcher pattern
june_legacy,sim\simdo.c,0x00499BE0,0x0044B632,decoded push imm32,,265,adjacent decoded immediate push,0x0044B637,0x00477920,0x0,null,,,contiguous decoded five-instruction dispatcher pattern
june_legacy,sim\simdo.c,0x00499BE0,0x0044CA92,decoded push imm32,,1005,adjacent decoded immediate push,0x0044CA97,0x00477920,0x0,null,,,contiguous decoded five-instruction dispatcher pattern
june_legacy,sim\simturn.c,0x00499BF8,0x0044DB63,decoded push imm32,,579,adjacent decoded immediate push,0x0044DB68,0x00477920,0x0,null,,,contiguous decoded five-instruction dispatcher pattern
june_legacy,sim\simturn.c,0x00499BF8,0x0044DC82,decoded push imm32,,579,adjacent decoded immediate push,0x0044DC87,0x00477920,0x0,null,,,contiguous decoded five-instruction dispatcher pattern
june_legacy,sim\simturn.c,0x00499BF8,0x0044E151,decoded push imm32,,579,adjacent decoded immediate push,0x0044E156,0x00477920,0x0,null,,,contiguous decoded five-instruction dispatcher pattern
june_legacy,sim\simturn.c,0x00499BF8,0x0044E1CD,decoded push imm32,,579,adjacent decoded immediate push,0x0044E1D2,0x00477920,0x0,null,,,contiguous decoded five-instruction dispatcher pattern
june_legacy,sim\simgame.c,0x00499C54,0x0044FCC4,decoded push imm32,,103,adjacent decoded immediate push,0x0044FCC9,0x00477920,eax,dynamic,,,contiguous decoded five-instruction dispatcher pattern
june_legacy,sim\simgame.c,0x00499C54,0x0044FE7B,decoded push imm32,,179,adjacent decoded immediate push,0x0044FE80,0x00477920,0x0,null,,,contiguous decoded five-instruction dispatcher pattern
june_legacy,sim\actorlst.c,0x00499DF0,0x00453945,decoded push imm32,,47,adjacent decoded immediate push,0x0045394A,0x00477920,eax,dynamic,,,contiguous decoded five-instruction dispatcher pattern
june_legacy,sim\actorlst.c,0x00499DF0,0x00453B2A,decoded push imm32,,130,adjacent decoded immediate push,0x00453B2F,0x00477920,eax,dynamic,,,contiguous decoded five-instruction dispatcher pattern
june_legacy,sim\actorlst.c,0x00499DF0,0x00453DA9,decoded push imm32,,232,adjacent decoded immediate push,0x00453DAE,0x00477920,edi,dynamic,,,contiguous decoded five-instruction dispatcher pattern
june_legacy,sim\actoradd.c,0x00499E00,0x0045439D,decoded push imm32,,66,adjacent decoded immediate push,0x004543A2,0x00477920,eax,dynamic,,,contiguous decoded five-instruction dispatcher pattern
june_legacy,sim\actoradd.c,0x00499E00,0x00454431,decoded push imm32,,90,adjacent decoded immediate push,0x00454436,0x00477920,eax,dynamic,,,contiguous decoded five-instruction dispatcher pattern
june_legacy,sim\actoradd.c,0x00499E00,0x0045450B,decoded push imm32,,115,adjacent decoded immediate push,0x00454510,0x00477920,eax,dynamic,,,contiguous decoded five-instruction dispatcher pattern
june_legacy,sim\actoradd.c,0x00499E00,0x00454579,decoded push imm32,,140,adjacent decoded immediate push,0x0045457E,0x00477920,esi,dynamic,,,contiguous decoded five-instruction dispatcher pattern
june_legacy,sim\worldact.c,0x00499E10,0x0045460F,decoded push imm32,,34,adjacent decoded immediate push,0x00454614,0x00477920,0x0,null,,,contiguous decoded five-instruction dispatcher pattern
june_legacy,sim\worldact.c,0x00499E10,0x00454650,decoded push imm32,,37,adjacent decoded immediate push,0x00454655,0x00477920,ebx,dynamic,,,contiguous decoded five-instruction dispatcher pattern
june_legacy,sim\worldact.c,0x00499E10,0x004548F1,decoded push imm32,,165,adjacent decoded immediate push,0x004548F6,0x00477920,0x0,null,,,contiguous decoded five-instruction dispatcher pattern
june_legacy,sim\anim.c,0x00499E20,0x0045565C,decoded push imm32,,541,adjacent decoded immediate push,0x00455661,0x00477920,0x0,null,,,contiguous decoded five-instruction dispatcher pattern
june_legacy,sim\anim.c,0x00499E20,0x004558D7,decoded push imm32,,599,adjacent decoded immediate push,0x004558DC,0x00477920,0x0,null,,,contiguous decoded five-instruction dispatcher pattern
june_legacy,sim\anim.c,0x00499E20,0x004559E1,decoded push imm32,,638,adjacent decoded immediate push,0x004559E6,0x00477920,0x0,null,,,contiguous decoded five-instruction dispatcher pattern
june_legacy,sim\anim.c,0x00499E20,0x00455D29,decoded push imm32,,732,adjacent decoded immediate push,0x00455D2E,0x00477920,ecx,dynamic,,,contiguous decoded five-instruction dispatcher pattern
june_legacy,sim\anim.c,0x00499E20,0x00455DC8,decoded push imm32,,757,adjacent decoded immediate push,0x00455DCD,0x00477920,0x0,null,,,contiguous decoded five-instruction dispatcher pattern
june_legacy,sim\anim.c,0x00499E20,0x00455E17,decoded push imm32,,732,adjacent decoded immediate push,0x00455E1C,0x00477920,edx,dynamic,,,contiguous decoded five-instruction dispatcher pattern
june_legacy,sim\anim.c,0x00499E20,0x00456048,decoded push imm32,,825,adjacent decoded immediate push,0x0045604D,0x00477920,0x0,null,,,contiguous decoded five-instruction dispatcher pattern
june_legacy,sim\anim.c,0x00499E20,0x0045607B,decoded push imm32,,732,adjacent decoded immediate push,0x00456080,0x00477920,ebp,dynamic,,,contiguous decoded five-instruction dispatcher pattern
june_legacy,sim\anim.c,0x00499E20,0x00456148,decoded push imm32,,865,adjacent decoded immediate push,0x0045614D,0x00477920,0x0,null,,,contiguous decoded five-instruction dispatcher pattern
june_legacy,sim\animbmp.c,0x00499E80,0x00456FE1,decoded push imm32,,157,adjacent decoded immediate push,0x00456FE6,0x00477920,edi,dynamic,,,contiguous decoded five-instruction dispatcher pattern
june_legacy,sim\animbmp.c,0x00499E80,0x00457213,decoded push imm32,,120,adjacent decoded immediate push,0x00457218,0x00477920,edx,dynamic,,,contiguous decoded five-instruction dispatcher pattern
june_legacy,sim\animbmp.c,0x00499E80,0x00457372,decoded push imm32,,166,adjacent decoded immediate push,0x00457377,0x00477920,0x0,null,,,contiguous decoded five-instruction dispatcher pattern
june_legacy,sim\animbmp.c,0x00499E80,0x004573E4,decoded push imm32,,187,adjacent decoded immediate push,0x004573E9,0x00477920,eax,dynamic,,,contiguous decoded five-instruction dispatcher pattern
june_legacy,sim\animfluf.c,0x0049BDC0,0x0045770B,decoded push imm32,,67,adjacent decoded immediate push,0x00457710,0x00477920,0x0,null,,,contiguous decoded five-instruction dispatcher pattern
june_legacy,sim\animfluf.c,0x0049BDC0,0x00457764,decoded push imm32,,86,adjacent decoded immediate push,0x00457769,0x00477920,0x0,null,,,contiguous decoded five-instruction dispatcher pattern
june_legacy,sim\target.c,0x0049BE88,0x00457FE5,decoded push imm32,,82,adjacent decoded immediate push,0x00457FEA,0x00477920,0x0,null,,,contiguous decoded five-instruction dispatcher pattern
june_legacy,sim\target.c,0x0049BE88,0x004580AA,decoded push imm32,,89,adjacent decoded immediate push,0x004580AF,0x00477920,0x0,null,,,contiguous decoded five-instruction dispatcher pattern
june_legacy,sim\apply.c,0x0049BF0C,0x00459354,decoded push imm32,,125,adjacent decoded immediate push,0x00459359,0x00477920,0x0,null,,,contiguous decoded five-instruction dispatcher pattern
june_legacy,sim\apply.c,0x0049BF0C,0x004598CA,decoded push imm32,,125,adjacent decoded immediate push,0x004598CF,0x00477920,0x0,null,,,contiguous decoded five-instruction dispatcher pattern
june_legacy,sim\apply.c,0x0049BF0C,0x0045A04C,decoded push imm32,,434,adjacent decoded immediate push,0x0045A051,0x00477920,0x0,null,,,contiguous decoded five-instruction dispatcher pattern
june_legacy,sim\weapai.c,0x0049BF54,0x0045A0B1,decoded push imm32,,135,adjacent decoded immediate push,0x0045A0B6,0x00477920,edx,dynamic,,,contiguous decoded five-instruction dispatcher pattern
june_legacy,sim\weapai.c,0x0049BF54,0x0045A3D8,decoded push imm32,,254,adjacent decoded immediate push,0x0045A3DD,0x00477920,0x0,null,,,contiguous decoded five-instruction dispatcher pattern
june_legacy,sim\weapai.c,0x0049BF54,0x0045A58B,decoded push imm32,,346,adjacent decoded immediate push,0x0045A590,0x00477920,0x0,null,,,contiguous decoded five-instruction dispatcher pattern
june_legacy,sim\weapai.c,0x0049BF54,0x0045A80E,decoded push imm32,,459,adjacent decoded immediate push,0x0045A813,0x00477920,edi,dynamic,,,contiguous decoded five-instruction dispatcher pattern
june_legacy,sim\weapai.c,0x0049BF54,0x0045A8F5,decoded push imm32,,135,adjacent decoded immediate push,0x0045A8FA,0x00477920,edx,dynamic,,,contiguous decoded five-instruction dispatcher pattern
june_legacy,sim\weapai.c,0x0049BF54,0x0045ACBC,decoded push imm32,,671,adjacent decoded immediate push,0x0045ACC1,0x00477920,eax,dynamic,,,contiguous decoded five-instruction dispatcher pattern
june_legacy,sim\fxout.c,0x0049CD0C,0x0045B98D,decoded push imm32,,260,adjacent decoded immediate push,0x0045B992,0x00477920,eax,dynamic,,,contiguous decoded five-instruction dispatcher pattern
june_legacy,sim\fxout.c,0x0049CD0C,0x0045BD3D,decoded push imm32,,326,adjacent decoded immediate push,0x0045BD42,0x00477920,eax,dynamic,,,contiguous decoded five-instruction dispatcher pattern
june_legacy,sim\fxout.c,0x0049CD0C,0x0045C230,decoded push imm32,,382,adjacent decoded immediate push,0x0045C235,0x00477920,eax,dynamic,,,contiguous decoded five-instruction dispatcher pattern
june_legacy,sim\fxout.c,0x0049CD0C,0x0045C7CE,decoded push imm32,,456,adjacent decoded immediate push,0x0045C7D3,0x00477920,eax,dynamic,,,contiguous decoded five-instruction dispatcher pattern
june_legacy,sim\explo.c,0x0049CDA0,0x0045CE92,decoded push imm32,,100,adjacent decoded immediate push,0x0045CE97,0x00477920,0x0,null,,,contiguous decoded five-instruction dispatcher pattern
june_legacy,sim\explo.c,0x0049CDA0,0x0045D137,decoded push imm32,,264,adjacent decoded immediate push,0x0045D13C,0x00477920,eax,dynamic,,,contiguous decoded five-instruction dispatcher pattern
june_legacy,sim\explo.c,0x0049CDA0,0x0045D214,decoded push imm32,,313,adjacent decoded immediate push,0x0045D219,0x00477920,edx,dynamic,,,contiguous decoded five-instruction dispatcher pattern
june_legacy,sim\explo.c,0x0049CDA0,0x0045D373,decoded push imm32,,425,adjacent decoded immediate push,0x0045D378,0x00477920,0x0,null,,,contiguous decoded five-instruction dispatcher pattern
june_legacy,sim\explo.c,0x0049CDA0,0x0045D3AF,decoded push imm32,,427,adjacent decoded immediate push,0x0045D3B4,0x00477920,eax,dynamic,,,contiguous decoded five-instruction dispatcher pattern
june_legacy,sim\explo.c,0x0049CDA0,0x0045D4A3,decoded push imm32,,473,adjacent decoded immediate push,0x0045D4A8,0x00477920,edx,dynamic,,,contiguous decoded five-instruction dispatcher pattern
june_legacy,sim\explo.c,0x0049CDA0,0x0045D4DD,decoded push imm32,,475,adjacent decoded immediate push,0x0045D4E2,0x00477920,0x0,null,,,contiguous decoded five-instruction dispatcher pattern
june_legacy,sim\explo.c,0x0049CDA0,0x0045D544,decoded push imm32,,489,adjacent decoded immediate push,0x0045D549,0x00477920,edx,dynamic,,,contiguous decoded five-instruction dispatcher pattern
june_legacy,sim\explo.c,0x0049CDA0,0x0045D5A0,decoded push imm32,,492,adjacent decoded immediate push,0x0045D5A5,0x00477920,0x0,null,,,contiguous decoded five-instruction dispatcher pattern
june_legacy,sim\explo.c,0x0049CDA0,0x0045D673,decoded push imm32,,517,adjacent decoded immediate push,0x0045D678,0x00477920,0x0,null,,,contiguous decoded five-instruction dispatcher pattern
june_legacy,logic\logic.c,0x0049D254,0x0045E58B,decoded push imm32,,262,adjacent decoded immediate push,0x0045E590,0x00477920,0x0,null,,,contiguous decoded five-instruction dispatcher pattern
june_legacy,logic\lactor.c,0x0049D264,0x0045EFC6,decoded push imm32,,101,adjacent decoded immediate push,0x0045EFCB,0x00477920,edx,dynamic,,,contiguous decoded five-instruction dispatcher pattern
june_legacy,logic\lactor.c,0x0049D264,0x0045EFF5,decoded push imm32,,108,adjacent decoded immediate push,0x0045EFFA,0x00477920,edx,dynamic,,,contiguous decoded five-instruction dispatcher pattern
june_legacy,logic\lactor.c,0x0049D264,0x0045F020,decoded push imm32,,115,adjacent decoded immediate push,0x0045F025,0x00477920,edx,dynamic,,,contiguous decoded five-instruction dispatcher pattern
june_legacy,logic\lactor.c,0x0049D264,0x0045F2EA,decoded push imm32,,224,adjacent decoded immediate push,0x0045F2EF,0x00477920,0x4854a0,immediate_string,0x004854A0,Unknown Test,contiguous decoded five-instruction dispatcher pattern
june_legacy,logic\lactors.c,0x0049D2AC,0x0045F533,decoded push imm32,,103,adjacent decoded immediate push,0x0045F538,0x00477920,0x0,null,,,contiguous decoded five-instruction dispatcher pattern
june_legacy,logic\lactors.c,0x0049D2AC,0x0045F58E,decoded push imm32,,114,adjacent decoded immediate push,0x0045F593,0x00477920,eax,dynamic,,,contiguous decoded five-instruction dispatcher pattern
june_legacy,logic\lactors.c,0x0049D2AC,0x0045F5D6,decoded push imm32,,128,adjacent decoded immediate push,0x0045F5DB,0x00477920,0x0,null,,,contiguous decoded five-instruction dispatcher pattern
june_legacy,logic\lactors.c,0x0049D2AC,0x0045F60D,decoded push imm32,,103,adjacent decoded immediate push,0x0045F612,0x00477920,0x0,null,,,contiguous decoded five-instruction dispatcher pattern
june_legacy,logic\miss.c,0x0049D2FC,0x00460AD4,decoded push imm32,,203,adjacent decoded immediate push,0x00460AD9,0x00477920,eax,dynamic,,,contiguous decoded five-instruction dispatcher pattern
june_legacy,logic\miss.c,0x0049D2FC,0x00460B60,decoded push imm32,,227,adjacent decoded immediate push,0x00460B65,0x00477920,0x0,null,,,contiguous decoded five-instruction dispatcher pattern
june_legacy,logic\bestloc.c,0x0049D428,0x004611FD,decoded push imm32,,154,adjacent decoded immediate push,0x00461202,0x00477920,edx,dynamic,,,contiguous decoded five-instruction dispatcher pattern
june_legacy,logic\intel.c,0x0049D438,0x004628F3,decoded push imm32,,668,adjacent decoded immediate push,0x004628F8,0x00477920,eax,dynamic,,,contiguous decoded five-instruction dispatcher pattern
june_legacy,logic\intel.c,0x0049D438,0x00462915,decoded push imm32,,674,adjacent decoded immediate push,0x0046291A,0x00477920,0x48555c,immediate_string,0x0048555C,Unknown Target,contiguous decoded five-instruction dispatcher pattern
june_legacy,logic\sinterp.c,0x0049D454,0x00462CA1,decoded push imm32,,57,adjacent decoded immediate push,0x00462CA6,0x00477920,0x48556c,immediate_string,0x0048556C,old script -- remake,contiguous decoded five-instruction dispatcher pattern
june_legacy,logic\sinterp.c,0x0049D454,0x00462D31,decoded push imm32,,78,adjacent decoded immediate push,0x00462D36,0x00477920,0x0,null,,,contiguous decoded five-instruction dispatcher pattern
june_legacy,logic\sinterp.c,0x0049D454,0x00462DA6,decoded push imm32,,93,adjacent decoded immediate push,0x00462DAB,0x00477920,eax,dynamic,,,contiguous decoded five-instruction dispatcher pattern
june_legacy,logic\sinterp.c,0x0049D454,0x00462DF9,decoded push imm32,,96,adjacent decoded immediate push,0x00462DFE,0x00477920,eax,dynamic,,,contiguous decoded five-instruction dispatcher pattern
june_legacy,logic\sinterp.c,0x0049D454,0x00462F3B,decoded push imm32,,78,adjacent decoded immediate push,0x00462F40,0x00477920,0x0,null,,,contiguous decoded five-instruction dispatcher pattern
june_legacy,logic\sinterp.c,0x0049D454,0x00462F9D,decoded push imm32,,78,adjacent decoded immediate push,0x00462FA2,0x00477920,0x0,null,,,contiguous decoded five-instruction dispatcher pattern
june_legacy,logic\sinterp.c,0x0049D454,0x00463001,decoded push imm32,,78,adjacent decoded immediate push,0x00463006,0x00477920,0x0,null,,,contiguous decoded five-instruction dispatcher pattern
june_legacy,logic\sinterp.c,0x0049D454,0x0046316C,decoded push imm32,,183,adjacent decoded immediate push,0x00463171,0x00477920,0x48558d,immediate_string,0x0048558D,Bad Reference,contiguous decoded five-instruction dispatcher pattern
june_legacy,logic\sinterp.c,0x0049D454,0x00463355,decoded push imm32,,269,adjacent decoded immediate push,0x0046335A,0x00477920,0x4855a9,immediate_string,0x004855A9,Unknown Target,contiguous decoded five-instruction dispatcher pattern
june_legacy,logic\sinterp.c,0x0049D454,0x004637D6,decoded push imm32,,404,adjacent decoded immediate push,0x004637DB,0x00477920,0x4855b8,immediate_string,0x004855B8,Infinite Loop!,contiguous decoded five-instruction dispatcher pattern
june_legacy,logic\sinterp.c,0x0049D454,0x0046493D,decoded push imm32,,1292,adjacent decoded immediate push,0x00464942,0x00477920,0x4855dd,immediate_string,0x004855DD,unknown function,contiguous decoded five-instruction dispatcher pattern
june_legacy,logic\sinterp.c,0x0049D454,0x004649DA,decoded push imm32,,1351,adjacent decoded immediate push,0x004649DF,0x00477920,0x4855ee,immediate_string,0x004855EE,unknown function,contiguous decoded five-instruction dispatcher pattern
june_legacy,logic\sinterp.c,0x0049D454,0x00464C50,decoded push imm32,,183,adjacent decoded immediate push,0x00464C55,0x00477920,0x48558d,immediate_string,0x0048558D,Bad Reference,contiguous decoded five-instruction dispatcher pattern
june_legacy,logic\sinterp.c,0x0049D454,0x00464C73,decoded push imm32,,1406,adjacent decoded immediate push,0x00464C78,0x00477920,0x48560e,immediate_string,0x0048560E,bad opcode,contiguous decoded five-instruction dispatcher pattern
june_legacy,logic\sinterp.c,0x0049D454,0x00464D47,decoded push imm32,,1436,adjacent decoded immediate push,0x00464D4C,0x00477920,0x0,null,,,contiguous decoded five-instruction dispatcher pattern
june_legacy,logic\sinterp.c,0x0049D454,0x00464EF1,decoded push imm32,,1514,adjacent decoded immediate push,0x00464EF6,0x00477920,0x48561c,immediate_string,0x0048561C,string overflow,contiguous decoded five-instruction dispatcher pattern
june_legacy,logic\lgen.c,0x0049D47C,0x00465129,decoded push imm32,,161,adjacent decoded immediate push,0x0046512E,0x00477920,0x48562c,immediate_string,0x0048562C,unknown actor type,contiguous decoded five-instruction dispatcher pattern
june_legacy,logic\lgen.c,0x0049D47C,0x0046518B,decoded push imm32,,172,adjacent decoded immediate push,0x00465190,0x00477920,0x48563f,immediate_string,0x0048563F,Too many drop locations,contiguous decoded five-instruction dispatcher pattern
june_legacy,logic\lgen.c,0x0049D47C,0x004654CC,decoded push imm32,,399,adjacent decoded immediate push,0x004654D1,0x00477920,eax,dynamic,,,contiguous decoded five-instruction dispatcher pattern
june_legacy,logic\lgen.c,0x0049D47C,0x00465968,decoded push imm32,,581,adjacent decoded immediate push,0x0046596D,0x00477920,0x0,null,,,contiguous decoded five-instruction dispatcher pattern
june_legacy,logic\lgen.c,0x0049D47C,0x00465AF6,decoded push imm32,,619,adjacent decoded immediate push,0x00465AFB,0x00477920,eax,dynamic,,,contiguous decoded five-instruction dispatcher pattern
june_legacy,logic\lgen.c,0x0049D47C,0x00465B2B,decoded push imm32,,622,adjacent decoded immediate push,0x00465B30,0x00477920,0x0,null,,,contiguous decoded five-instruction dispatcher pattern
june_legacy,logic\lgen.c,0x0049D47C,0x00465BB4,decoded push imm32,,646,adjacent decoded immediate push,0x00465BB9,0x00477920,0x0,null,,,contiguous decoded five-instruction dispatcher pattern
june_legacy,logic\lgen.c,0x0049D47C,0x00465BEB,decoded push imm32,,657,adjacent decoded immediate push,0x00465BF0,0x00477920,0x0,null,,,contiguous decoded five-instruction dispatcher pattern
june_legacy,logic\lgen.c,0x0049D47C,0x00465C1F,decoded push imm32,,663,adjacent decoded immediate push,0x00465C24,0x00477920,eax,dynamic,,,contiguous decoded five-instruction dispatcher pattern
june_legacy,logic\lsys.c,0x0049D48C,0x00466137,decoded push imm32,,268,adjacent decoded immediate push,0x0046613C,0x00477920,0x485688,immediate_string,0x00485688,message too long,contiguous decoded five-instruction dispatcher pattern
june_legacy,logic\lsys.c,0x0049D48C,0x0046675F,decoded push imm32,,530,adjacent decoded immediate push,0x00466764,0x00477920,eax,dynamic,,,contiguous decoded five-instruction dispatcher pattern
june_legacy,multi\link.c,0x0049D67C,0x00467F9D,decoded push imm32,,72,adjacent decoded immediate push,0x00467FA2,0x00477920,0x0,null,,,contiguous decoded five-instruction dispatcher pattern
june_legacy,multi\link.c,0x0049D67C,0x00468089,decoded push imm32,,72,adjacent decoded immediate push,0x0046808E,0x00477920,0x0,null,,,contiguous decoded five-instruction dispatcher pattern
june_legacy,multi\linkapp.c,0x0049D69C,0x004684FC,decoded push imm32,,126,adjacent decoded immediate push,0x00468501,0x00477920,0x0,null,,,contiguous decoded five-instruction dispatcher pattern
june_legacy,multi\linkapp.c,0x0049D69C,0x004685E8,decoded push imm32,,164,adjacent decoded immediate push,0x004685ED,0x00477920,eax,dynamic,,,contiguous decoded five-instruction dispatcher pattern
june_legacy,multi\linkdlg.c,0x0049D6F0,0x00468A54,decoded push imm32,,214,adjacent decoded immediate push,0x00468A59,0x00477920,0x0,null,,,contiguous decoded five-instruction dispatcher pattern
june_legacy,multi\chat.c,0x0049D718,0x004693B0,decoded push imm32,,121,adjacent decoded immediate push,0x004693B5,0x00477920,0x0,null,,,contiguous decoded five-instruction dispatcher pattern
june_legacy,multi\chat.c,0x0049D718,0x00469454,decoded push imm32,,121,adjacent decoded immediate push,0x00469459,0x00477920,0x0,null,,,contiguous decoded five-instruction dispatcher pattern
june_legacy,multi\chat.c,0x0049D718,0x0046957C,decoded push imm32,,121,adjacent decoded immediate push,0x00469581,0x00477920,0x0,null,,,contiguous decoded five-instruction dispatcher pattern
june_legacy,multi\chat.c,0x0049D718,0x004698A7,decoded push imm32,,305,adjacent decoded immediate push,0x004698AC,0x00477920,0x0,null,,,contiguous decoded five-instruction dispatcher pattern
june_legacy,multi\mstart.c,0x0049D734,0x004699F0,decoded push imm32,,55,adjacent decoded immediate push,0x004699F5,0x00477920,0x0,null,,,contiguous decoded five-instruction dispatcher pattern
june_legacy,multi\mstart.c,0x0049D734,0x00469A07,decoded push imm32,,56,adjacent decoded immediate push,0x00469A0C,0x00477920,0x0,null,,,contiguous decoded five-instruction dispatcher pattern
june_legacy,multi\message.c,0x0049D74C,0x0046B2BB,decoded push imm32,,132,adjacent decoded immediate push,0x0046B2C0,0x00477920,0x4857c1,immediate_string,0x004857C1,Failed to find local instance of the Cybrid,contiguous decoded five-instruction dispatcher pattern
june_legacy,multi\message.c,0x0049D74C,0x0046B32A,decoded push imm32,,153,adjacent decoded immediate push,0x0046B32F,0x00477920,0x0,null,,,contiguous decoded five-instruction dispatcher pattern
june_legacy,multi\message.c,0x0049D74C,0x0046B45B,decoded push imm32,,194,adjacent decoded immediate push,0x0046B460,0x00477920,0x0,null,,,contiguous decoded five-instruction dispatcher pattern
june_legacy,multi\message.c,0x0049D74C,0x0046B53C,decoded push imm32,,217,adjacent decoded immediate push,0x0046B541,0x00477920,0x0,null,,,contiguous decoded five-instruction dispatcher pattern
june_legacy,multi\message.c,0x0049D74C,0x0046B6E0,decoded push imm32,,275,adjacent decoded immediate push,0x0046B6E5,0x00477920,0x0,null,,,contiguous decoded five-instruction dispatcher pattern
june_legacy,multi\message.c,0x0049D74C,0x0046B6FD,decoded push imm32,,276,adjacent decoded immediate push,0x0046B702,0x00477920,0x0,null,,,contiguous decoded five-instruction dispatcher pattern
june_legacy,multi\message.c,0x0049D74C,0x0046B71A,decoded push imm32,,277,adjacent decoded immediate push,0x0046B71F,0x00477920,0x0,null,,,contiguous decoded five-instruction dispatcher pattern
june_legacy,multi\message.c,0x0049D74C,0x0046B737,decoded push imm32,,278,adjacent decoded immediate push,0x0046B73C,0x00477920,0x0,null,,,contiguous decoded five-instruction dispatcher pattern
june_legacy,multi\message.c,0x0049D74C,0x0046B754,decoded push imm32,,279,adjacent decoded immediate push,0x0046B759,0x00477920,0x0,null,,,contiguous decoded five-instruction dispatcher pattern
june_legacy,multi\message.c,0x0049D74C,0x0046B771,decoded push imm32,,280,adjacent decoded immediate push,0x0046B776,0x00477920,0x0,null,,,contiguous decoded five-instruction dispatcher pattern
june_legacy,multi\message.c,0x0049D74C,0x0046B78E,decoded push imm32,,281,adjacent decoded immediate push,0x0046B793,0x00477920,0x0,null,,,contiguous decoded five-instruction dispatcher pattern
june_legacy,multi\message.c,0x0049D74C,0x0046B7AB,decoded push imm32,,282,adjacent decoded immediate push,0x0046B7B0,0x00477920,0x0,null,,,contiguous decoded five-instruction dispatcher pattern
june_legacy,multi\message.c,0x0049D74C,0x0046BF3A,decoded push imm32,,598,adjacent decoded immediate push,0x0046BF3F,0x00477920,0x0,null,,,contiguous decoded five-instruction dispatcher pattern
june_legacy,multi\message.c,0x0049D74C,0x0046BFB1,decoded push imm32,,603,adjacent decoded immediate push,0x0046BFB6,0x00477920,eax,dynamic,,,contiguous decoded five-instruction dispatcher pattern
june_legacy,multi\minipkt.c,0x0049D7C0,0x0046D054,decoded push imm32,,352,adjacent decoded immediate push,0x0046D059,0x00477920,eax,dynamic,,,contiguous decoded five-instruction dispatcher pattern
june_legacy,multi\minipkt.c,0x0049D7C0,0x0046D2C0,decoded push imm32,,352,adjacent decoded immediate push,0x0046D2C5,0x00477920,eax,dynamic,,,contiguous decoded five-instruction dispatcher pattern
june_legacy,multi\minipkt.c,0x0049D7C0,0x0046D3ED,decoded push imm32,,352,adjacent decoded immediate push,0x0046D3F2,0x00477920,eax,dynamic,,,contiguous decoded five-instruction dispatcher pattern
june_legacy,multi\minipkt.c,0x0049D7C0,0x0046D4D6,decoded push imm32,,352,adjacent decoded immediate push,0x0046D4DB,0x00477920,eax,dynamic,,,contiguous decoded five-instruction dispatcher pattern
june_legacy,multi\minipkt.c,0x0049D7C0,0x0046D585,decoded push imm32,,352,adjacent decoded immediate push,0x0046D58A,0x00477920,eax,dynamic,,,contiguous decoded five-instruction dispatcher pattern
june_legacy,multi\minipkt.c,0x0049D7C0,0x0046D73C,decoded push imm32,,352,adjacent decoded immediate push,0x0046D741,0x00477920,eax,dynamic,,,contiguous decoded five-instruction dispatcher pattern
june_legacy,multi\minipkt.c,0x0049D7C0,0x0046D860,decoded push imm32,,352,adjacent decoded immediate push,0x0046D865,0x00477920,eax,dynamic,,,contiguous decoded five-instruction dispatcher pattern
june_legacy,multi\minipkt.c,0x0049D7C0,0x0046D951,decoded push imm32,,352,adjacent decoded immediate push,0x0046D956,0x00477920,eax,dynamic,,,contiguous decoded five-instruction dispatcher pattern
june_legacy,multi\minipkt.c,0x0049D7C0,0x0046DA74,decoded push imm32,,352,adjacent decoded immediate push,0x0046DA79,0x00477920,eax,dynamic,,,contiguous decoded five-instruction dispatcher pattern
june_legacy,multi\minipkt.c,0x0049D7C0,0x0046DB54,decoded push imm32,,352,adjacent decoded immediate push,0x0046DB59,0x00477920,eax,dynamic,,,contiguous decoded five-instruction dispatcher pattern
june_legacy,multi\minipkt.c,0x0049D7C0,0x0046DC48,decoded push imm32,,352,adjacent decoded immediate push,0x0046DC4D,0x00477920,eax,dynamic,,,contiguous decoded five-instruction dispatcher pattern
june_legacy,multi\minipkt.c,0x0049D7C0,0x0046DD85,decoded push imm32,,352,adjacent decoded immediate push,0x0046DD8A,0x00477920,eax,dynamic,,,contiguous decoded five-instruction dispatcher pattern
june_legacy,multi\minipkt.c,0x0049D7C0,0x0046DEAA,decoded push imm32,,352,adjacent decoded immediate push,0x0046DEAF,0x00477920,eax,dynamic,,,contiguous decoded five-instruction dispatcher pattern
june_legacy,multi\minipkt.c,0x0049D7C0,0x0046DFBE,decoded push imm32,,352,adjacent decoded immediate push,0x0046DFC3,0x00477920,eax,dynamic,,,contiguous decoded five-instruction dispatcher pattern
june_legacy,multi\minipkt.c,0x0049D7C0,0x0046E0C7,decoded push imm32,,352,adjacent decoded immediate push,0x0046E0CC,0x00477920,eax,dynamic,,,contiguous decoded five-instruction dispatcher pattern
june_legacy,multi\minipkt.c,0x0049D7C0,0x0046E1FB,decoded push imm32,,352,adjacent decoded immediate push,0x0046E200,0x00477920,eax,dynamic,,,contiguous decoded five-instruction dispatcher pattern
june_legacy,multi\minipkt.c,0x0049D7C0,0x0046E35B,decoded push imm32,,352,adjacent decoded immediate push,0x0046E360,0x00477920,eax,dynamic,,,contiguous decoded five-instruction dispatcher pattern
june_legacy,multi\minipkt.c,0x0049D7C0,0x0046E5E2,decoded push imm32,,352,adjacent decoded immediate push,0x0046E5E7,0x00477920,eax,dynamic,,,contiguous decoded five-instruction dispatcher pattern
june_legacy,multi\minipkt.c,0x0049D7C0,0x0046E6EB,decoded push imm32,,617,adjacent decoded immediate push,0x0046E6F0,0x00477920,eax,dynamic,,,contiguous decoded five-instruction dispatcher pattern
june_legacy,multi\minipkt.c,0x0049D7C0,0x0046E7FB,decoded push imm32,,352,adjacent decoded immediate push,0x0046E800,0x00477920,eax,dynamic,,,contiguous decoded five-instruction dispatcher pattern
june_legacy,multi\minipkt.c,0x0049D7C0,0x0046E907,decoded push imm32,,352,adjacent decoded immediate push,0x0046E90C,0x00477920,eax,dynamic,,,contiguous decoded five-instruction dispatcher pattern
june_legacy,multi\minipkt.c,0x0049D7C0,0x0046EB27,decoded push imm32,,352,adjacent decoded immediate push,0x0046EB2C,0x00477920,eax,dynamic,,,contiguous decoded five-instruction dispatcher pattern
june_legacy,multi\minipkt.c,0x0049D7C0,0x0046ED16,decoded push imm32,,352,adjacent decoded immediate push,0x0046ED1B,0x00477920,eax,dynamic,,,contiguous decoded five-instruction dispatcher pattern
june_legacy,main\WIN\winmain.c,0x0049DFF0,0x00473026,decoded push imm32,,864,adjacent decoded immediate push,0x0047302B,0x00477920,eax,dynamic,,,contiguous decoded five-instruction dispatcher pattern
june_legacy,main\WIN\winmain.c,0x0049DFF0,0x00473371,decoded push imm32,,981,adjacent decoded immediate push,0x00473376,0x00477920,eax,dynamic,,,contiguous decoded five-instruction dispatcher pattern
june_legacy,misc\strpool.c,0x0049E160,0x004766E0,decoded push imm32,,59,adjacent decoded immediate push,0x004766E5,0x00477920,edx,dynamic,,,contiguous decoded five-instruction dispatcher pattern
june_legacy,misc\strpool.c,0x0049E160,0x00476829,decoded push imm32,,59,adjacent decoded immediate push,0x0047682E,0x00477920,edx,dynamic,,,contiguous decoded five-instruction dispatcher pattern
june_legacy,misc\strpool.c,0x0049E160,0x00476888,decoded push imm32,,148,adjacent decoded immediate push,0x0047688D,0x00477920,0x0,null,,,contiguous decoded five-instruction dispatcher pattern
june_legacy,io\resource.c,0x0049E170,0x00476A12,decoded push imm32,,69,adjacent decoded immediate push,0x00476A17,0x00477920,0x0,null,,,contiguous decoded five-instruction dispatcher pattern
june_legacy,io\resource.c,0x0049E170,0x00476A8C,decoded push imm32,,81,adjacent decoded immediate push,0x00476A91,0x00477920,0x485c80,immediate_string,0x00485C80,Unable to open game data file!,contiguous decoded five-instruction dispatcher pattern
june_legacy,io\resource.c,0x0049E170,0x00476C49,decoded push imm32,,200,adjacent decoded immediate push,0x00476C4E,0x00477920,eax,dynamic,,,contiguous decoded five-instruction dispatcher pattern
june_legacy,io\resource.c,0x0049E170,0x00476D9F,decoded push imm32,,200,adjacent decoded immediate push,0x00476DA4,0x00477920,eax,dynamic,,,contiguous decoded five-instruction dispatcher pattern
june_legacy,io\resource.c,0x0049E170,0x00476DFE,decoded push imm32,,331,adjacent decoded immediate push,0x00476E03,0x00477920,0x49e1d0,immediate_string,0x0049E1D0,Invalid data,contiguous decoded five-instruction dispatcher pattern
june_legacy,io\resource.c,0x0049E170,0x00476E23,decoded push imm32,,334,adjacent decoded immediate push,0x00476E28,0x00477920,0x49e1f0,immediate_string,0x0049E1F0,Ran out of memory or disk space.  Try clearing more disk space and running again.,contiguous decoded five-instruction dispatcher pattern
june_legacy,io\resource.c,0x0049E170,0x00476EB8,decoded push imm32,,355,adjacent decoded immediate push,0x00476EBD,0x00477920,0x0,null,,,contiguous decoded five-instruction dispatcher pattern
june_legacy,io\resource.c,0x0049E170,0x00476EFF,decoded push imm32,,363,adjacent decoded immediate push,0x00476F04,0x00477920,0x49e1f0,immediate_string,0x0049E1F0,Ran out of memory or disk space.  Try clearing more disk space and running again.,contiguous decoded five-instruction dispatcher pattern
june_legacy,io\file.c,0x0049E314,0x00478667,decoded push imm32,,140,adjacent decoded immediate push,0x0047866C,0x00477920,edx,dynamic,,,contiguous decoded five-instruction dispatcher pattern
june_legacy,io\file.c,0x0049E314,0x00478792,decoded push imm32,,140,adjacent decoded immediate push,0x00478797,0x00477920,eax,dynamic,,,contiguous decoded five-instruction dispatcher pattern
june_legacy,io\file.c,0x0049E314,0x00478804,decoded push imm32,,170,adjacent decoded immediate push,0x00478809,0x00477920,eax,dynamic,,,contiguous decoded five-instruction dispatcher pattern
june_legacy,io\file.c,0x0049E314,0x00478875,decoded push imm32,,193,adjacent decoded immediate push,0x0047887A,0x00477920,0x0,null,,,contiguous decoded five-instruction dispatcher pattern
june_legacy,io\file.c,0x0049E314,0x00478903,decoded push imm32,,221,adjacent decoded immediate push,0x00478908,0x00477920,0x0,null,,,contiguous decoded five-instruction dispatcher pattern
june_legacy,io\file.c,0x0049E314,0x00478A5D,decoded push imm32,,221,adjacent decoded immediate push,0x00478A62,0x00477920,0x0,null,,,contiguous decoded five-instruction dispatcher pattern
june_legacy,io\file.c,0x0049E314,0x00478B15,decoded push imm32,,338,adjacent decoded immediate push,0x00478B1A,0x00477920,esi,dynamic,,,contiguous decoded five-instruction dispatcher pattern
june_legacy,io\memory.c,0x0049E320,0x00478D63,decoded push imm32,,315,adjacent decoded immediate push,0x00478D68,0x00477920,ebx,dynamic,,,contiguous decoded five-instruction dispatcher pattern
june_legacy,graph\gfx\g_cds.c,0x0049EC24,0x0047AF5B,decoded push imm32,,114,adjacent decoded immediate push,0x0047AF60,0x00477920,0x485df4,immediate_string,0x00485DF4,GFXCDSSurface::create: Failed to create a surface.,contiguous decoded five-instruction dispatcher pattern
june_legacy,graph\gfx\g_cds.c,0x0049EC24,0x0047B046,decoded push imm32,,210,adjacent decoded immediate push,0x0047B04B,0x00477920,0x485e27,immediate_string,0x00485E27,GFXCDSSurface::setPalette: start out of range.,contiguous decoded five-instruction dispatcher pattern
june_legacy,graph\gfx\g_cds.c,0x0049EC24,0x0047B070,decoded push imm32,,212,adjacent decoded immediate push,0x0047B075,0x00477920,0x485e56,immediate_string,0x00485E56,GFXCDSSurface::setPalette: count out of range.,contiguous decoded five-instruction dispatcher pattern
june_legacy,graph\gfx\g_cds.c,0x0049EC24,0x0047B09C,decoded push imm32,,214,adjacent decoded immediate push,0x0047B0A1,0x00477920,0x485e85,immediate_string,0x00485E85,GFXCDSSurface::setPalette: start+count out of range.,contiguous decoded five-instruction dispatcher pattern
june_legacy,pack\unpack.c,0x0049EC38,0x0047B727,decoded push imm32,,63,adjacent decoded immediate push,0x0047B72C,0x00477920,0x0,null,,,contiguous decoded five-instruction dispatcher pattern
gog_candidate,shell\shell.c,0x0048E4DC,0x00402769,decoded push imm32,,522,adjacent decoded immediate push,0x0040276E,0x0047D5A0,0x48a00c,immediate_string,0x0048A00C,invalid difficulty value,contiguous decoded five-instruction dispatcher pattern
gog_candidate,shell\shell.c,0x0048E4DC,0x00406182,decoded push imm32,,3117,adjacent decoded immediate push,0x00406187,0x0047D5A0,eax,dynamic,,,contiguous decoded five-instruction dispatcher pattern
gog_candidate,shell\shell.c,0x0048E4DC,0x0040678B,decoded push imm32,,3289,adjacent decoded immediate push,0x00406790,0x0047D5A0,0x48a115,immediate_string,0x0048A115,illegal exit code in shell.open,contiguous decoded five-instruction dispatcher pattern
gog_candidate,shell\shell.c,0x0048E4DC,0x00406C98,decoded push imm32,,3117,adjacent decoded immediate push,0x00406C9D,0x0047D5A0,edi,dynamic,,,contiguous decoded five-instruction dispatcher pattern
gog_candidate,shell\biomenu.c,0x0048E6A0,0x0040C4CF,decoded push imm32,,316,adjacent decoded immediate push,0x0040C4D4,0x0047D5A0,edi,dynamic,,,contiguous decoded five-instruction dispatcher pattern
gog_candidate,shell\biomenu.c,0x0048E6A0,0x0040C509,decoded push imm32,,320,adjacent decoded immediate push,0x0040C50E,0x0047D5A0,edx,dynamic,,,contiguous decoded five-instruction dispatcher pattern
gog_candidate,shell\pilotgui.c,0x0048E820,0x00410C0A,decoded push imm32,,137,adjacent decoded immediate push,0x00410C0F,0x0047D5A0,eax,dynamic,,,contiguous decoded five-instruction dispatcher pattern
gog_candidate,shell\commscrn.c,0x0048E8E0,0x00412CC1,decoded push imm32,,349,adjacent decoded immediate push,0x00412CC6,0x0047D5A0,eax,dynamic,,,contiguous decoded five-instruction dispatcher pattern
gog_candidate,shell\commscrn.c,0x0048E8E0,0x00412D02,decoded push imm32,,354,adjacent decoded immediate push,0x00412D07,0x0047D5A0,eax,dynamic,,,contiguous decoded five-instruction dispatcher pattern
gog_candidate,shell\commscrn.c,0x0048E8E0,0x00412D99,decoded push imm32,,362,adjacent decoded immediate push,0x00412D9E,0x0047D5A0,eax,dynamic,,,contiguous decoded five-instruction dispatcher pattern
gog_candidate,shell\commscrn.c,0x0048E8E0,0x00413463,decoded push imm32,,614,adjacent decoded immediate push,0x00413468,0x0047D5A0,eax,dynamic,,,contiguous decoded five-instruction dispatcher pattern
gog_candidate,shell\commscrn.c,0x0048E8E0,0x0041358E,decoded push imm32,,639,adjacent decoded immediate push,0x00413593,0x0047D5A0,eax,dynamic,,,contiguous decoded five-instruction dispatcher pattern
gog_candidate,shell\commscrn.c,0x0048E8E0,0x0041447D,decoded push imm32,,1043,adjacent decoded immediate push,0x00414482,0x0047D5A0,0x48a957,immediate_string,0x0048A957,mission type index was greater than 3,contiguous decoded five-instruction dispatcher pattern
gog_candidate,shell\missbrf.c,0x0048EA60,0x004151D9,decoded push imm32,,68,adjacent decoded immediate push,0x004151DE,0x0047D5A0,0x48a9d0,immediate_string,0x0048A9D0,mission number > MAX_CAMPAIGNS,contiguous decoded five-instruction dispatcher pattern
gog_candidate,shell\hercbay.c,0x0048EB00,0x00415C0A,decoded push imm32,,101,adjacent decoded immediate push,0x00415C0F,0x0047D5A0,eax,dynamic,,,contiguous decoded five-instruction dispatcher pattern
gog_candidate,shell\hercbuy.c,0x0048EB38,0x00416803,decoded push imm32,,185,adjacent decoded immediate push,0x00416808,0x0047D5A0,eax,dynamic,,,contiguous decoded five-instruction dispatcher pattern
gog_candidate,shell\hercbuy.c,0x0048EB38,0x00417811,decoded push imm32,,785,adjacent decoded immediate push,0x00417816,0x0047D5A0,0x48aab0,immediate_string,0x0048AAB0,no text for purchase window,contiguous decoded five-instruction dispatcher pattern
gog_candidate,shell\hbupgrad.c,0x0048ED28,0x004195D7,decoded push imm32,,262,adjacent decoded immediate push,0x004195DC,0x0047D5A0,eax,dynamic,,,contiguous decoded five-instruction dispatcher pattern
gog_candidate,shell\mplaunch.c,0x0048EFF8,0x0041FDA8,decoded push imm32,,283,adjacent decoded immediate push,0x0041FDAD,0x0047D5A0,0x48ac0c,immediate_string,0x0048AC0C,"Tried to open MpLaunch, already opened...try restarting CyberStorm.",contiguous decoded five-instruction dispatcher pattern
gog_candidate,shell\mplaunch.c,0x0048EFF8,0x004221D9,decoded push imm32,,1258,adjacent decoded immediate push,0x004221DE,0x0047D5A0,0x48ac73,immediate_string,0x0048AC73,impossible case value in setActiveButtons,contiguous decoded five-instruction dispatcher pattern
gog_candidate,shell\hotseat.c,0x0048F1CC,0x00425785,decoded push imm32,,556,adjacent decoded immediate push,0x0042578A,0x0047D5A0,0x0,null,,,contiguous decoded five-instruction dispatcher pattern
gog_candidate,gui\flic.c,0x0048F35C,0x00426155,decoded push imm32,,42,adjacent decoded immediate push,0x0042615A,0x0047D5A0,0x0,null,,,contiguous decoded five-instruction dispatcher pattern
gog_candidate,gui\menu.c,0x0048F3F0,0x004282B7,decoded push imm32,,261,adjacent decoded immediate push,0x004282BC,0x0047D5A0,0x0,null,,,contiguous decoded five-instruction dispatcher pattern
gog_candidate,terr\tgrid.c,0x00490450,0x0042AF24,decoded push imm32,,118,adjacent decoded immediate push,0x0042AF29,0x0047D5A0,0x0,null,,,contiguous decoded five-instruction dispatcher pattern
gog_candidate,terr\tgrid.c,0x00490450,0x0042B683,decoded push imm32,,368,adjacent decoded immediate push,0x0042B688,0x0047D5A0,0x0,null,,,contiguous decoded five-instruction dispatcher pattern
gog_candidate,terr\tdisplay.c,0x00490460,0x0042BB15,decoded push imm32,,113,adjacent decoded immediate push,0x0042BB1A,0x0047D5A0,eax,dynamic,,,contiguous decoded five-instruction dispatcher pattern
gog_candidate,terr\tarea.c,0x00490484,0x0042CC80,decoded push imm32,,143,adjacent decoded immediate push,0x0042CC85,0x0047D5A0,0x0,null,,,contiguous decoded five-instruction dispatcher pattern
gog_candidate,terr\tsurface.c,0x004905A0,0x00431BD0,decoded push imm32,,795,adjacent decoded immediate push,0x00431BD5,0x0047D5A0,eax,dynamic,,,contiguous decoded five-instruction dispatcher pattern
gog_candidate,terr\tsurface.c,0x004905A0,0x00431BEF,decoded push imm32,,799,adjacent decoded immediate push,0x00431BF4,0x0047D5A0,0x0,null,,,contiguous decoded five-instruction dispatcher pattern
gog_candidate,terr\tsurface.c,0x004905A0,0x00431C16,decoded push imm32,,805,adjacent decoded immediate push,0x00431C1B,0x0047D5A0,0x0,null,,,contiguous decoded five-instruction dispatcher pattern
gog_candidate,terr\tsurface.c,0x004905A0,0x00431CAD,decoded push imm32,,832,adjacent decoded immediate push,0x00431CB2,0x0047D5A0,eax,dynamic,,,contiguous decoded five-instruction dispatcher pattern
gog_candidate,terr\tfog.c,0x004905EC,0x0043301E,decoded push imm32,,63,adjacent decoded immediate push,0x00433023,0x0047D5A0,0x0,null,,,contiguous decoded five-instruction dispatcher pattern
gog_candidate,terr\tfog.c,0x004905EC,0x0043306C,decoded push imm32,,73,adjacent decoded immediate push,0x00433071,0x0047D5A0,0x0,null,,,contiguous decoded five-instruction dispatcher pattern
gog_candidate,terr\tbuild.c,0x00490620,0x0043378C,decoded push imm32,,93,adjacent decoded immediate push,0x00433791,0x0047D5A0,ebx,dynamic,,,contiguous decoded five-instruction dispatcher pattern
gog_candidate,terr\tfast.c,0x00490660,0x00434D0B,decoded push imm32,,45,adjacent decoded immediate push,0x00434D10,0x0047D5A0,0x0,null,,,contiguous decoded five-instruction dispatcher pattern
gog_candidate,pop\psystem.c,0x004A001C,0x00444413,decoded push imm32,,211,adjacent decoded immediate push,0x00444418,0x0047D5A0,0x0,null,,,contiguous decoded five-instruction dispatcher pattern
gog_candidate,pop\pherc.c,0x004A00A8,0x00445B56,decoded push imm32,,301,adjacent decoded immediate push,0x00445B5B,0x0047D5A0,eax,dynamic,,,contiguous decoded five-instruction dispatcher pattern
gog_candidate,pop\ppilot.c,0x004A00D4,0x00446C05,decoded push imm32,,94,adjacent decoded immediate push,0x00446C0A,0x0047D5A0,eax,dynamic,,,contiguous decoded five-instruction dispatcher pattern
gog_candidate,pop\ppilot.c,0x004A00D4,0x00446D83,decoded push imm32,,133,adjacent decoded immediate push,0x00446D88,0x0047D5A0,0x0,null,,,contiguous decoded five-instruction dispatcher pattern
gog_candidate,pop\pdeath.c,0x004A0138,0x00448E20,decoded push imm32,,51,adjacent decoded immediate push,0x00448E25,0x0047D5A0,eax,dynamic,,,contiguous decoded five-instruction dispatcher pattern
gog_candidate,sim\sim.c,0x004A01A8,0x0044B0F7,decoded push imm32,,556,adjacent decoded immediate push,0x0044B0FC,0x0047D5A0,eax,dynamic,,,contiguous decoded five-instruction dispatcher pattern
gog_candidate,sim\sim.c,0x004A01A8,0x0044B130,decoded push imm32,,559,adjacent decoded immediate push,0x0044B135,0x0047D5A0,eax,dynamic,,,contiguous decoded five-instruction dispatcher pattern
gog_candidate,sim\simdo.c,0x004A02F4,0x0044DDE2,decoded push imm32,,266,adjacent decoded immediate push,0x0044DDE7,0x0047D5A0,0x0,null,,,contiguous decoded five-instruction dispatcher pattern
gog_candidate,sim\simdo.c,0x004A02F4,0x0044F252,decoded push imm32,,1016,adjacent decoded immediate push,0x0044F257,0x0047D5A0,0x0,null,,,contiguous decoded five-instruction dispatcher pattern
gog_candidate,sim\simturn.c,0x004A030C,0x00450323,decoded push imm32,,612,adjacent decoded immediate push,0x00450328,0x0047D5A0,0x0,null,,,contiguous decoded five-instruction dispatcher pattern
gog_candidate,sim\simturn.c,0x004A030C,0x00450449,decoded push imm32,,612,adjacent decoded immediate push,0x0045044E,0x0047D5A0,0x0,null,,,contiguous decoded five-instruction dispatcher pattern
gog_candidate,sim\simturn.c,0x004A030C,0x004509D1,decoded push imm32,,612,adjacent decoded immediate push,0x004509D6,0x0047D5A0,0x0,null,,,contiguous decoded five-instruction dispatcher pattern
gog_candidate,sim\simturn.c,0x004A030C,0x00450A4D,decoded push imm32,,612,adjacent decoded immediate push,0x00450A52,0x0047D5A0,0x0,null,,,contiguous decoded five-instruction dispatcher pattern
gog_candidate,sim\simgame.c,0x004A0368,0x00452584,decoded push imm32,,113,adjacent decoded immediate push,0x00452589,0x0047D5A0,eax,dynamic,,,contiguous decoded five-instruction dispatcher pattern
gog_candidate,sim\simgame.c,0x004A0368,0x0045273B,decoded push imm32,,189,adjacent decoded immediate push,0x00452740,0x0047D5A0,0x0,null,,,contiguous decoded five-instruction dispatcher pattern
gog_candidate,sim\actorlst.c,0x004A0504,0x00456235,decoded push imm32,,47,adjacent decoded immediate push,0x0045623A,0x0047D5A0,eax,dynamic,,,contiguous decoded five-instruction dispatcher pattern
gog_candidate,sim\actorlst.c,0x004A0504,0x00456464,decoded push imm32,,140,adjacent decoded immediate push,0x00456469,0x0047D5A0,0x0,null,,,contiguous decoded five-instruction dispatcher pattern
gog_candidate,sim\actorlst.c,0x004A0504,0x004564B2,decoded push imm32,,149,adjacent decoded immediate push,0x004564B7,0x0047D5A0,eax,dynamic,,,contiguous decoded five-instruction dispatcher pattern
gog_candidate,sim\actorlst.c,0x004A0504,0x00456739,decoded push imm32,,252,adjacent decoded immediate push,0x0045673E,0x0047D5A0,edi,dynamic,,,contiguous decoded five-instruction dispatcher pattern
gog_candidate,sim\actoradd.c,0x004A0514,0x00456D2D,decoded push imm32,,66,adjacent decoded immediate push,0x00456D32,0x0047D5A0,eax,dynamic,,,contiguous decoded five-instruction dispatcher pattern
gog_candidate,sim\actoradd.c,0x004A0514,0x00456DC1,decoded push imm32,,90,adjacent decoded immediate push,0x00456DC6,0x0047D5A0,eax,dynamic,,,contiguous decoded five-instruction dispatcher pattern
gog_candidate,sim\actoradd.c,0x004A0514,0x00456E9B,decoded push imm32,,115,adjacent decoded immediate push,0x00456EA0,0x0047D5A0,eax,dynamic,,,contiguous decoded five-instruction dispatcher pattern
gog_candidate,sim\actoradd.c,0x004A0514,0x00456F09,decoded push imm32,,140,adjacent decoded immediate push,0x00456F0E,0x0047D5A0,esi,dynamic,,,contiguous decoded five-instruction dispatcher pattern
gog_candidate,sim\worldact.c,0x004A0524,0x00456F9F,decoded push imm32,,34,adjacent decoded immediate push,0x00456FA4,0x0047D5A0,0x0,null,,,contiguous decoded five-instruction dispatcher pattern
gog_candidate,sim\worldact.c,0x004A0524,0x00456FE0,decoded push imm32,,37,adjacent decoded immediate push,0x00456FE5,0x0047D5A0,ebx,dynamic,,,contiguous decoded five-instruction dispatcher pattern
gog_candidate,sim\worldact.c,0x004A0524,0x00457281,decoded push imm32,,165,adjacent decoded immediate push,0x00457286,0x0047D5A0,0x0,null,,,contiguous decoded five-instruction dispatcher pattern
gog_candidate,sim\anim.c,0x004A0534,0x00457FE9,decoded push imm32,,541,adjacent decoded immediate push,0x00457FEE,0x0047D5A0,0x0,null,,,contiguous decoded five-instruction dispatcher pattern
gog_candidate,sim\anim.c,0x004A0534,0x0045839C,decoded push imm32,,625,adjacent decoded immediate push,0x004583A1,0x0047D5A0,0x0,null,,,contiguous decoded five-instruction dispatcher pattern
gog_candidate,sim\anim.c,0x004A0534,0x004584A6,decoded push imm32,,664,adjacent decoded immediate push,0x004584AB,0x0047D5A0,0x0,null,,,contiguous decoded five-instruction dispatcher pattern
gog_candidate,sim\anim.c,0x004A0534,0x004587F9,decoded push imm32,,758,adjacent decoded immediate push,0x004587FE,0x0047D5A0,ecx,dynamic,,,contiguous decoded five-instruction dispatcher pattern
gog_candidate,sim\anim.c,0x004A0534,0x00458898,decoded push imm32,,783,adjacent decoded immediate push,0x0045889D,0x0047D5A0,0x0,null,,,contiguous decoded five-instruction dispatcher pattern
gog_candidate,sim\anim.c,0x004A0534,0x004588E7,decoded push imm32,,758,adjacent decoded immediate push,0x004588EC,0x0047D5A0,edx,dynamic,,,contiguous decoded five-instruction dispatcher pattern
gog_candidate,sim\anim.c,0x004A0534,0x00458B18,decoded push imm32,,851,adjacent decoded immediate push,0x00458B1D,0x0047D5A0,0x0,null,,,contiguous decoded five-instruction dispatcher pattern
gog_candidate,sim\anim.c,0x004A0534,0x00458B4B,decoded push imm32,,758,adjacent decoded immediate push,0x00458B50,0x0047D5A0,ebp,dynamic,,,contiguous decoded five-instruction dispatcher pattern
gog_candidate,sim\anim.c,0x004A0534,0x00458C18,decoded push imm32,,891,adjacent decoded immediate push,0x00458C1D,0x0047D5A0,0x0,null,,,contiguous decoded five-instruction dispatcher pattern
gog_candidate,sim\animbmp.c,0x004A0594,0x00459AB1,decoded push imm32,,157,adjacent decoded immediate push,0x00459AB6,0x0047D5A0,edi,dynamic,,,contiguous decoded five-instruction dispatcher pattern
gog_candidate,sim\animbmp.c,0x004A0594,0x00459CE3,decoded push imm32,,120,adjacent decoded immediate push,0x00459CE8,0x0047D5A0,edx,dynamic,,,contiguous decoded five-instruction dispatcher pattern
gog_candidate,sim\animbmp.c,0x004A0594,0x00459E42,decoded push imm32,,166,adjacent decoded immediate push,0x00459E47,0x0047D5A0,0x0,null,,,contiguous decoded five-instruction dispatcher pattern
gog_candidate,sim\animbmp.c,0x004A0594,0x00459EB4,decoded push imm32,,187,adjacent decoded immediate push,0x00459EB9,0x0047D5A0,eax,dynamic,,,contiguous decoded five-instruction dispatcher pattern
gog_candidate,sim\animfluf.c,0x004A24D4,0x0045A1DB,decoded push imm32,,67,adjacent decoded immediate push,0x0045A1E0,0x0047D5A0,0x0,null,,,contiguous decoded five-instruction dispatcher pattern
gog_candidate,sim\animfluf.c,0x004A24D4,0x0045A234,decoded push imm32,,86,adjacent decoded immediate push,0x0045A239,0x0047D5A0,0x0,null,,,contiguous decoded five-instruction dispatcher pattern
gog_candidate,sim\target.c,0x004A259C,0x0045AAB5,decoded push imm32,,82,adjacent decoded immediate push,0x0045AABA,0x0047D5A0,0x0,null,,,contiguous decoded five-instruction dispatcher pattern
gog_candidate,sim\target.c,0x004A259C,0x0045AB7A,decoded push imm32,,89,adjacent decoded immediate push,0x0045AB7F,0x0047D5A0,0x0,null,,,contiguous decoded five-instruction dispatcher pattern
gog_candidate,sim\apply.c,0x004A2620,0x0045BE24,decoded push imm32,,125,adjacent decoded immediate push,0x0045BE29,0x0047D5A0,0x0,null,,,contiguous decoded five-instruction dispatcher pattern
gog_candidate,sim\apply.c,0x004A2620,0x0045C3EA,decoded push imm32,,125,adjacent decoded immediate push,0x0045C3EF,0x0047D5A0,0x0,null,,,contiguous decoded five-instruction dispatcher pattern
gog_candidate,sim\apply.c,0x004A2620,0x0045CBAC,decoded push imm32,,447,adjacent decoded immediate push,0x0045CBB1,0x0047D5A0,0x0,null,,,contiguous decoded five-instruction dispatcher pattern
gog_candidate,sim\weapai.c,0x004A2668,0x0045CC11,decoded push imm32,,135,adjacent decoded immediate push,0x0045CC16,0x0047D5A0,edx,dynamic,,,contiguous decoded five-instruction dispatcher pattern
gog_candidate,sim\weapai.c,0x004A2668,0x0045CF68,decoded push imm32,,262,adjacent decoded immediate push,0x0045CF6D,0x0047D5A0,0x0,null,,,contiguous decoded five-instruction dispatcher pattern
gog_candidate,sim\weapai.c,0x004A2668,0x0045D13B,decoded push imm32,,359,adjacent decoded immediate push,0x0045D140,0x0047D5A0,0x0,null,,,contiguous decoded five-instruction dispatcher pattern
gog_candidate,sim\weapai.c,0x004A2668,0x0045D3BE,decoded push imm32,,472,adjacent decoded immediate push,0x0045D3C3,0x0047D5A0,edi,dynamic,,,contiguous decoded five-instruction dispatcher pattern
gog_candidate,sim\weapai.c,0x004A2668,0x0045D4A5,decoded push imm32,,135,adjacent decoded immediate push,0x0045D4AA,0x0047D5A0,edx,dynamic,,,contiguous decoded five-instruction dispatcher pattern
gog_candidate,sim\weapai.c,0x004A2668,0x0045D86C,decoded push imm32,,684,adjacent decoded immediate push,0x0045D871,0x0047D5A0,eax,dynamic,,,contiguous decoded five-instruction dispatcher pattern
gog_candidate,sim\fxout.c,0x004A3420,0x0045E53D,decoded push imm32,,260,adjacent decoded immediate push,0x0045E542,0x0047D5A0,eax,dynamic,,,contiguous decoded five-instruction dispatcher pattern
gog_candidate,sim\fxout.c,0x004A3420,0x0045E8ED,decoded push imm32,,326,adjacent decoded immediate push,0x0045E8F2,0x0047D5A0,eax,dynamic,,,contiguous decoded five-instruction dispatcher pattern
gog_candidate,sim\fxout.c,0x004A3420,0x0045EDE0,decoded push imm32,,382,adjacent decoded immediate push,0x0045EDE5,0x0047D5A0,eax,dynamic,,,contiguous decoded five-instruction dispatcher pattern
gog_candidate,sim\fxout.c,0x004A3420,0x0045F37E,decoded push imm32,,456,adjacent decoded immediate push,0x0045F383,0x0047D5A0,eax,dynamic,,,contiguous decoded five-instruction dispatcher pattern
gog_candidate,sim\explo.c,0x004A34B4,0x0045FA42,decoded push imm32,,100,adjacent decoded immediate push,0x0045FA47,0x0047D5A0,0x0,null,,,contiguous decoded five-instruction dispatcher pattern
gog_candidate,sim\explo.c,0x004A34B4,0x0045FCE7,decoded push imm32,,264,adjacent decoded immediate push,0x0045FCEC,0x0047D5A0,eax,dynamic,,,contiguous decoded five-instruction dispatcher pattern
gog_candidate,sim\explo.c,0x004A34B4,0x0045FDC4,decoded push imm32,,313,adjacent decoded immediate push,0x0045FDC9,0x0047D5A0,edx,dynamic,,,contiguous decoded five-instruction dispatcher pattern
gog_candidate,sim\explo.c,0x004A34B4,0x0045FF23,decoded push imm32,,425,adjacent decoded immediate push,0x0045FF28,0x0047D5A0,0x0,null,,,contiguous decoded five-instruction dispatcher pattern
gog_candidate,sim\explo.c,0x004A34B4,0x0045FF5F,decoded push imm32,,427,adjacent decoded immediate push,0x0045FF64,0x0047D5A0,eax,dynamic,,,contiguous decoded five-instruction dispatcher pattern
gog_candidate,sim\explo.c,0x004A34B4,0x00460053,decoded push imm32,,473,adjacent decoded immediate push,0x00460058,0x0047D5A0,edx,dynamic,,,contiguous decoded five-instruction dispatcher pattern
gog_candidate,sim\explo.c,0x004A34B4,0x0046008D,decoded push imm32,,475,adjacent decoded immediate push,0x00460092,0x0047D5A0,0x0,null,,,contiguous decoded five-instruction dispatcher pattern
gog_candidate,sim\explo.c,0x004A34B4,0x004600F4,decoded push imm32,,489,adjacent decoded immediate push,0x004600F9,0x0047D5A0,edx,dynamic,,,contiguous decoded five-instruction dispatcher pattern
gog_candidate,sim\explo.c,0x004A34B4,0x00460150,decoded push imm32,,492,adjacent decoded immediate push,0x00460155,0x0047D5A0,0x0,null,,,contiguous decoded five-instruction dispatcher pattern
gog_candidate,sim\explo.c,0x004A34B4,0x00460223,decoded push imm32,,517,adjacent decoded immediate push,0x00460228,0x0047D5A0,0x0,null,,,contiguous decoded five-instruction dispatcher pattern
gog_candidate,sim\simhot.c,0x004A3998,0x00461257,decoded push imm32,,205,adjacent decoded immediate push,0x0046125C,0x0047D5A0,0x0,null,,,contiguous decoded five-instruction dispatcher pattern
gog_candidate,sim\simhot.c,0x004A3998,0x00461344,decoded push imm32,,218,adjacent decoded immediate push,0x00461349,0x0047D5A0,0x0,null,,,contiguous decoded five-instruction dispatcher pattern
gog_candidate,sim\simhot.c,0x004A3998,0x0046174A,decoded push imm32,,268,adjacent decoded immediate push,0x0046174F,0x0047D5A0,0x0,null,,,contiguous decoded five-instruction dispatcher pattern
gog_candidate,sim\simhot.c,0x004A3998,0x00461821,decoded push imm32,,284,adjacent decoded immediate push,0x00461826,0x0047D5A0,0x0,null,,,contiguous decoded five-instruction dispatcher pattern
gog_candidate,sim\simhot.c,0x004A3998,0x0046187F,decoded push imm32,,289,adjacent decoded immediate push,0x00461884,0x0047D5A0,0x0,null,,,contiguous decoded five-instruction dispatcher pattern
gog_candidate,sim\hotbrief.c,0x004A39D8,0x004622D5,decoded push imm32,,204,adjacent decoded immediate push,0x004622DA,0x0047D5A0,0x0,null,,,contiguous decoded five-instruction dispatcher pattern
gog_candidate,logic\logic.c,0x004A3A8C,0x0046322E,decoded push imm32,,268,adjacent decoded immediate push,0x00463233,0x0047D5A0,0x0,null,,,contiguous decoded five-instruction dispatcher pattern
gog_candidate,logic\lactor.c,0x004A3A9C,0x00463C76,decoded push imm32,,101,adjacent decoded immediate push,0x00463C7B,0x0047D5A0,edx,dynamic,,,contiguous decoded five-instruction dispatcher pattern
gog_candidate,logic\lactor.c,0x004A3A9C,0x00463CA5,decoded push imm32,,108,adjacent decoded immediate push,0x00463CAA,0x0047D5A0,edx,dynamic,,,contiguous decoded five-instruction dispatcher pattern
gog_candidate,logic\lactor.c,0x004A3A9C,0x00463CD0,decoded push imm32,,115,adjacent decoded immediate push,0x00463CD5,0x0047D5A0,edx,dynamic,,,contiguous decoded five-instruction dispatcher pattern
gog_candidate,logic\lactor.c,0x004A3A9C,0x00463F9A,decoded push imm32,,224,adjacent decoded immediate push,0x00463F9F,0x0047D5A0,0x48b5b8,immediate_string,0x0048B5B8,Unknown Test,contiguous decoded five-instruction dispatcher pattern
gog_candidate,logic\lactors.c,0x004A3AE4,0x004641E3,decoded push imm32,,103,adjacent decoded immediate push,0x004641E8,0x0047D5A0,0x0,null,,,contiguous decoded five-instruction dispatcher pattern
gog_candidate,logic\lactors.c,0x004A3AE4,0x0046423E,decoded push imm32,,114,adjacent decoded immediate push,0x00464243,0x0047D5A0,eax,dynamic,,,contiguous decoded five-instruction dispatcher pattern
gog_candidate,logic\lactors.c,0x004A3AE4,0x00464286,decoded push imm32,,128,adjacent decoded immediate push,0x0046428B,0x0047D5A0,0x0,null,,,contiguous decoded five-instruction dispatcher pattern
gog_candidate,logic\lactors.c,0x004A3AE4,0x004642BD,decoded push imm32,,103,adjacent decoded immediate push,0x004642C2,0x0047D5A0,0x0,null,,,contiguous decoded five-instruction dispatcher pattern
gog_candidate,logic\miss.c,0x004A3B34,0x0046576D,decoded push imm32,,206,adjacent decoded immediate push,0x00465772,0x0047D5A0,eax,dynamic,,,contiguous decoded five-instruction dispatcher pattern
gog_candidate,logic\miss.c,0x004A3B34,0x004657F9,decoded push imm32,,230,adjacent decoded immediate push,0x004657FE,0x0047D5A0,0x0,null,,,contiguous decoded five-instruction dispatcher pattern
gog_candidate,logic\bestloc.c,0x004A3C60,0x00465F31,decoded push imm32,,154,adjacent decoded immediate push,0x00465F36,0x0047D5A0,edx,dynamic,,,contiguous decoded five-instruction dispatcher pattern
gog_candidate,logic\intel.c,0x004A3C70,0x00467627,decoded push imm32,,668,adjacent decoded immediate push,0x0046762C,0x0047D5A0,eax,dynamic,,,contiguous decoded five-instruction dispatcher pattern
gog_candidate,logic\intel.c,0x004A3C70,0x00467649,decoded push imm32,,674,adjacent decoded immediate push,0x0046764E,0x0047D5A0,0x48b674,immediate_string,0x0048B674,Unknown Target,contiguous decoded five-instruction dispatcher pattern
gog_candidate,logic\sinterp.c,0x004A3C8C,0x004679D5,decoded push imm32,,57,adjacent decoded immediate push,0x004679DA,0x0047D5A0,0x48b684,immediate_string,0x0048B684,old script -- remake,contiguous decoded five-instruction dispatcher pattern
gog_candidate,logic\sinterp.c,0x004A3C8C,0x00467A65,decoded push imm32,,78,adjacent decoded immediate push,0x00467A6A,0x0047D5A0,0x0,null,,,contiguous decoded five-instruction dispatcher pattern
gog_candidate,logic\sinterp.c,0x004A3C8C,0x00467ADA,decoded push imm32,,93,adjacent decoded immediate push,0x00467ADF,0x0047D5A0,eax,dynamic,,,contiguous decoded five-instruction dispatcher pattern
gog_candidate,logic\sinterp.c,0x004A3C8C,0x00467B2D,decoded push imm32,,96,adjacent decoded immediate push,0x00467B32,0x0047D5A0,eax,dynamic,,,contiguous decoded five-instruction dispatcher pattern
gog_candidate,logic\sinterp.c,0x004A3C8C,0x00467C6F,decoded push imm32,,78,adjacent decoded immediate push,0x00467C74,0x0047D5A0,0x0,null,,,contiguous decoded five-instruction dispatcher pattern
gog_candidate,logic\sinterp.c,0x004A3C8C,0x00467CD1,decoded push imm32,,78,adjacent decoded immediate push,0x00467CD6,0x0047D5A0,0x0,null,,,contiguous decoded five-instruction dispatcher pattern
gog_candidate,logic\sinterp.c,0x004A3C8C,0x00467D35,decoded push imm32,,78,adjacent decoded immediate push,0x00467D3A,0x0047D5A0,0x0,null,,,contiguous decoded five-instruction dispatcher pattern
gog_candidate,logic\sinterp.c,0x004A3C8C,0x00467EA0,decoded push imm32,,183,adjacent decoded immediate push,0x00467EA5,0x0047D5A0,0x48b6a5,immediate_string,0x0048B6A5,Bad Reference,contiguous decoded five-instruction dispatcher pattern
gog_candidate,logic\sinterp.c,0x004A3C8C,0x00468089,decoded push imm32,,269,adjacent decoded immediate push,0x0046808E,0x0047D5A0,0x48b6c1,immediate_string,0x0048B6C1,Unknown Target,contiguous decoded five-instruction dispatcher pattern
gog_candidate,logic\sinterp.c,0x004A3C8C,0x0046850A,decoded push imm32,,404,adjacent decoded immediate push,0x0046850F,0x0047D5A0,0x48b6d0,immediate_string,0x0048B6D0,Infinite Loop!,contiguous decoded five-instruction dispatcher pattern
gog_candidate,logic\sinterp.c,0x004A3C8C,0x00469671,decoded push imm32,,1292,adjacent decoded immediate push,0x00469676,0x0047D5A0,0x48b6f5,immediate_string,0x0048B6F5,unknown function,contiguous decoded five-instruction dispatcher pattern
gog_candidate,logic\sinterp.c,0x004A3C8C,0x0046970E,decoded push imm32,,1351,adjacent decoded immediate push,0x00469713,0x0047D5A0,0x48b706,immediate_string,0x0048B706,unknown function,contiguous decoded five-instruction dispatcher pattern
gog_candidate,logic\sinterp.c,0x004A3C8C,0x00469984,decoded push imm32,,183,adjacent decoded immediate push,0x00469989,0x0047D5A0,0x48b6a5,immediate_string,0x0048B6A5,Bad Reference,contiguous decoded five-instruction dispatcher pattern
gog_candidate,logic\sinterp.c,0x004A3C8C,0x004699A7,decoded push imm32,,1406,adjacent decoded immediate push,0x004699AC,0x0047D5A0,0x48b726,immediate_string,0x0048B726,bad opcode,contiguous decoded five-instruction dispatcher pattern
gog_candidate,logic\sinterp.c,0x004A3C8C,0x00469A7B,decoded push imm32,,1436,adjacent decoded immediate push,0x00469A80,0x0047D5A0,0x0,null,,,contiguous decoded five-instruction dispatcher pattern
gog_candidate,logic\sinterp.c,0x004A3C8C,0x00469C25,decoded push imm32,,1519,adjacent decoded immediate push,0x00469C2A,0x0047D5A0,0x48b734,immediate_string,0x0048B734,string overflow,contiguous decoded five-instruction dispatcher pattern
gog_candidate,logic\lgen.c,0x004A3CEC,0x00469FEB,decoded push imm32,,265,adjacent decoded immediate push,0x00469FF0,0x0047D5A0,0x48b744,immediate_string,0x0048B744,unknown actor type,contiguous decoded five-instruction dispatcher pattern
gog_candidate,logic\lgen.c,0x004A3CEC,0x0046A04D,decoded push imm32,,276,adjacent decoded immediate push,0x0046A052,0x0047D5A0,0x48b757,immediate_string,0x0048B757,Too many drop locations,contiguous decoded five-instruction dispatcher pattern
gog_candidate,logic\lgen.c,0x004A3CEC,0x0046A42F,decoded push imm32,,530,adjacent decoded immediate push,0x0046A434,0x0047D5A0,eax,dynamic,,,contiguous decoded five-instruction dispatcher pattern
gog_candidate,logic\lgen.c,0x004A3CEC,0x0046A8FA,decoded push imm32,,732,adjacent decoded immediate push,0x0046A8FF,0x0047D5A0,0x0,null,,,contiguous decoded five-instruction dispatcher pattern
gog_candidate,logic\lgen.c,0x004A3CEC,0x0046AA88,decoded push imm32,,770,adjacent decoded immediate push,0x0046AA8D,0x0047D5A0,eax,dynamic,,,contiguous decoded five-instruction dispatcher pattern
gog_candidate,logic\lgen.c,0x004A3CEC,0x0046AABD,decoded push imm32,,773,adjacent decoded immediate push,0x0046AAC2,0x0047D5A0,0x0,null,,,contiguous decoded five-instruction dispatcher pattern
gog_candidate,logic\lgen.c,0x004A3CEC,0x0046AB46,decoded push imm32,,797,adjacent decoded immediate push,0x0046AB4B,0x0047D5A0,0x0,null,,,contiguous decoded five-instruction dispatcher pattern
gog_candidate,logic\lgen.c,0x004A3CEC,0x0046AB7D,decoded push imm32,,808,adjacent decoded immediate push,0x0046AB82,0x0047D5A0,0x0,null,,,contiguous decoded five-instruction dispatcher pattern
gog_candidate,logic\lgen.c,0x004A3CEC,0x0046ABB1,decoded push imm32,,814,adjacent decoded immediate push,0x0046ABB6,0x0047D5A0,eax,dynamic,,,contiguous decoded five-instruction dispatcher pattern
gog_candidate,logic\lsys.c,0x004A3CFC,0x0046B0CB,decoded push imm32,,268,adjacent decoded immediate push,0x0046B0D0,0x0047D5A0,0x48b7a0,immediate_string,0x0048B7A0,message too long,contiguous decoded five-instruction dispatcher pattern
gog_candidate,logic\lsys.c,0x004A3CFC,0x0046B6F3,decoded push imm32,,530,adjacent decoded immediate push,0x0046B6F8,0x0047D5A0,eax,dynamic,,,contiguous decoded five-instruction dispatcher pattern
gog_candidate,multi\link.c,0x004A3EEC,0x0046CF8B,decoded push imm32,,182,adjacent decoded immediate push,0x0046CF90,0x0047D5A0,0x0,null,,,contiguous decoded five-instruction dispatcher pattern
gog_candidate,multi\linkapp.c,0x004A3F0C,0x0046D6FB,decoded push imm32,,157,adjacent decoded immediate push,0x0046D700,0x0047D5A0,0x0,null,,,contiguous decoded five-instruction dispatcher pattern
gog_candidate,multi\linkapp.c,0x004A3F0C,0x0046D7E8,decoded push imm32,,195,adjacent decoded immediate push,0x0046D7ED,0x0047D5A0,eax,dynamic,,,contiguous decoded five-instruction dispatcher pattern
gog_candidate,multi\linkdlg.c,0x004A3F60,0x0046DCE9,decoded push imm32,,240,adjacent decoded immediate push,0x0046DCEE,0x0047D5A0,0x0,null,,,contiguous decoded five-instruction dispatcher pattern
gog_candidate,multi\chat.c,0x004A3F88,0x0046E6CB,decoded push imm32,,140,adjacent decoded immediate push,0x0046E6D0,0x0047D5A0,0x0,null,,,contiguous decoded five-instruction dispatcher pattern
gog_candidate,multi\chat.c,0x004A3F88,0x0046E78A,decoded push imm32,,140,adjacent decoded immediate push,0x0046E78F,0x0047D5A0,0x0,null,,,contiguous decoded five-instruction dispatcher pattern
gog_candidate,multi\chat.c,0x004A3F88,0x0046E8C1,decoded push imm32,,140,adjacent decoded immediate push,0x0046E8C6,0x0047D5A0,0x0,null,,,contiguous decoded five-instruction dispatcher pattern
gog_candidate,multi\chat.c,0x004A3F88,0x0046EBEC,decoded push imm32,,324,adjacent decoded immediate push,0x0046EBF1,0x0047D5A0,0x0,null,,,contiguous decoded five-instruction dispatcher pattern
gog_candidate,multi\mstart.c,0x004A3FA4,0x0046ED38,decoded push imm32,,56,adjacent decoded immediate push,0x0046ED3D,0x0047D5A0,0x0,null,,,contiguous decoded five-instruction dispatcher pattern
gog_candidate,multi\mstart.c,0x004A3FA4,0x0046ED4F,decoded push imm32,,57,adjacent decoded immediate push,0x0046ED54,0x0047D5A0,0x0,null,,,contiguous decoded five-instruction dispatcher pattern
gog_candidate,multi\mstart.c,0x004A3FA4,0x0046F2BB,decoded push imm32,,282,adjacent decoded immediate push,0x0046F2C0,0x0047D5A0,0x48b8e9,immediate_string,0x0048B8E9,There was a problem in the multiplayer startup process.  Perhaps try again (more slowly) to make sure that all players are properly connected before launching the game.,contiguous decoded five-instruction dispatcher pattern
gog_candidate,multi\message.c,0x004A3FBC,0x004707EB,decoded push imm32,,136,adjacent decoded immediate push,0x004707F0,0x0047D5A0,0x48b9c1,immediate_string,0x0048B9C1,Failed to find local instance of the Cybrid,contiguous decoded five-instruction dispatcher pattern
gog_candidate,multi\message.c,0x004A3FBC,0x0047085A,decoded push imm32,,157,adjacent decoded immediate push,0x0047085F,0x0047D5A0,0x0,null,,,contiguous decoded five-instruction dispatcher pattern
gog_candidate,multi\message.c,0x004A3FBC,0x00470994,decoded push imm32,,203,adjacent decoded immediate push,0x00470999,0x0047D5A0,0x0,null,,,contiguous decoded five-instruction dispatcher pattern
gog_candidate,multi\message.c,0x004A3FBC,0x00470A75,decoded push imm32,,233,adjacent decoded immediate push,0x00470A7A,0x0047D5A0,0x0,null,,,contiguous decoded five-instruction dispatcher pattern
gog_candidate,multi\message.c,0x004A3FBC,0x00470C19,decoded push imm32,,291,adjacent decoded immediate push,0x00470C1E,0x0047D5A0,0x0,null,,,contiguous decoded five-instruction dispatcher pattern
gog_candidate,multi\message.c,0x004A3FBC,0x00470C36,decoded push imm32,,292,adjacent decoded immediate push,0x00470C3B,0x0047D5A0,0x0,null,,,contiguous decoded five-instruction dispatcher pattern
gog_candidate,multi\message.c,0x004A3FBC,0x00470C53,decoded push imm32,,293,adjacent decoded immediate push,0x00470C58,0x0047D5A0,0x0,null,,,contiguous decoded five-instruction dispatcher pattern
gog_candidate,multi\message.c,0x004A3FBC,0x00470C70,decoded push imm32,,294,adjacent decoded immediate push,0x00470C75,0x0047D5A0,0x0,null,,,contiguous decoded five-instruction dispatcher pattern
gog_candidate,multi\message.c,0x004A3FBC,0x00470C8D,decoded push imm32,,295,adjacent decoded immediate push,0x00470C92,0x0047D5A0,0x0,null,,,contiguous decoded five-instruction dispatcher pattern
gog_candidate,multi\message.c,0x004A3FBC,0x00470CAA,decoded push imm32,,296,adjacent decoded immediate push,0x00470CAF,0x0047D5A0,0x0,null,,,contiguous decoded five-instruction dispatcher pattern
gog_candidate,multi\message.c,0x004A3FBC,0x00470CC7,decoded push imm32,,297,adjacent decoded immediate push,0x00470CCC,0x0047D5A0,0x0,null,,,contiguous decoded five-instruction dispatcher pattern
gog_candidate,multi\message.c,0x004A3FBC,0x00470CE4,decoded push imm32,,298,adjacent decoded immediate push,0x00470CE9,0x0047D5A0,0x0,null,,,contiguous decoded five-instruction dispatcher pattern
gog_candidate,multi\message.c,0x004A3FBC,0x00471476,decoded push imm32,,614,adjacent decoded immediate push,0x0047147B,0x0047D5A0,0x0,null,,,contiguous decoded five-instruction dispatcher pattern
gog_candidate,multi\message.c,0x004A3FBC,0x004714ED,decoded push imm32,,619,adjacent decoded immediate push,0x004714F2,0x0047D5A0,eax,dynamic,,,contiguous decoded five-instruction dispatcher pattern
gog_candidate,multi\minipkt.c,0x004A4030,0x00472590,decoded push imm32,,352,adjacent decoded immediate push,0x00472595,0x0047D5A0,eax,dynamic,,,contiguous decoded five-instruction dispatcher pattern
gog_candidate,multi\minipkt.c,0x004A4030,0x004727FC,decoded push imm32,,352,adjacent decoded immediate push,0x00472801,0x0047D5A0,eax,dynamic,,,contiguous decoded five-instruction dispatcher pattern
gog_candidate,multi\minipkt.c,0x004A4030,0x00472929,decoded push imm32,,352,adjacent decoded immediate push,0x0047292E,0x0047D5A0,eax,dynamic,,,contiguous decoded five-instruction dispatcher pattern
gog_candidate,multi\minipkt.c,0x004A4030,0x00472A12,decoded push imm32,,352,adjacent decoded immediate push,0x00472A17,0x0047D5A0,eax,dynamic,,,contiguous decoded five-instruction dispatcher pattern
gog_candidate,multi\minipkt.c,0x004A4030,0x00472AC1,decoded push imm32,,352,adjacent decoded immediate push,0x00472AC6,0x0047D5A0,eax,dynamic,,,contiguous decoded five-instruction dispatcher pattern
gog_candidate,multi\minipkt.c,0x004A4030,0x00472C78,decoded push imm32,,352,adjacent decoded immediate push,0x00472C7D,0x0047D5A0,eax,dynamic,,,contiguous decoded five-instruction dispatcher pattern
gog_candidate,multi\minipkt.c,0x004A4030,0x00472D9C,decoded push imm32,,352,adjacent decoded immediate push,0x00472DA1,0x0047D5A0,eax,dynamic,,,contiguous decoded five-instruction dispatcher pattern
gog_candidate,multi\minipkt.c,0x004A4030,0x00472E8D,decoded push imm32,,352,adjacent decoded immediate push,0x00472E92,0x0047D5A0,eax,dynamic,,,contiguous decoded five-instruction dispatcher pattern
gog_candidate,multi\minipkt.c,0x004A4030,0x00472FB0,decoded push imm32,,352,adjacent decoded immediate push,0x00472FB5,0x0047D5A0,eax,dynamic,,,contiguous decoded five-instruction dispatcher pattern
gog_candidate,multi\minipkt.c,0x004A4030,0x00473090,decoded push imm32,,352,adjacent decoded immediate push,0x00473095,0x0047D5A0,eax,dynamic,,,contiguous decoded five-instruction dispatcher pattern
gog_candidate,multi\minipkt.c,0x004A4030,0x00473184,decoded push imm32,,352,adjacent decoded immediate push,0x00473189,0x0047D5A0,eax,dynamic,,,contiguous decoded five-instruction dispatcher pattern
gog_candidate,multi\minipkt.c,0x004A4030,0x004732C1,decoded push imm32,,352,adjacent decoded immediate push,0x004732C6,0x0047D5A0,eax,dynamic,,,contiguous decoded five-instruction dispatcher pattern
gog_candidate,multi\minipkt.c,0x004A4030,0x004733E6,decoded push imm32,,352,adjacent decoded immediate push,0x004733EB,0x0047D5A0,eax,dynamic,,,contiguous decoded five-instruction dispatcher pattern
gog_candidate,multi\minipkt.c,0x004A4030,0x004734FA,decoded push imm32,,352,adjacent decoded immediate push,0x004734FF,0x0047D5A0,eax,dynamic,,,contiguous decoded five-instruction dispatcher pattern
gog_candidate,multi\minipkt.c,0x004A4030,0x00473603,decoded push imm32,,352,adjacent decoded immediate push,0x00473608,0x0047D5A0,eax,dynamic,,,contiguous decoded five-instruction dispatcher pattern
gog_candidate,multi\minipkt.c,0x004A4030,0x00473737,decoded push imm32,,352,adjacent decoded immediate push,0x0047373C,0x0047D5A0,eax,dynamic,,,contiguous decoded five-instruction dispatcher pattern
gog_candidate,multi\minipkt.c,0x004A4030,0x00473897,decoded push imm32,,352,adjacent decoded immediate push,0x0047389C,0x0047D5A0,eax,dynamic,,,contiguous decoded five-instruction dispatcher pattern
gog_candidate,multi\minipkt.c,0x004A4030,0x00473B1E,decoded push imm32,,352,adjacent decoded immediate push,0x00473B23,0x0047D5A0,eax,dynamic,,,contiguous decoded five-instruction dispatcher pattern
gog_candidate,multi\minipkt.c,0x004A4030,0x00473C27,decoded push imm32,,617,adjacent decoded immediate push,0x00473C2C,0x0047D5A0,eax,dynamic,,,contiguous decoded five-instruction dispatcher pattern
gog_candidate,multi\minipkt.c,0x004A4030,0x00473D37,decoded push imm32,,352,adjacent decoded immediate push,0x00473D3C,0x0047D5A0,eax,dynamic,,,contiguous decoded five-instruction dispatcher pattern
gog_candidate,multi\minipkt.c,0x004A4030,0x00473E43,decoded push imm32,,352,adjacent decoded immediate push,0x00473E48,0x0047D5A0,eax,dynamic,,,contiguous decoded five-instruction dispatcher pattern
gog_candidate,multi\minipkt.c,0x004A4030,0x00474063,decoded push imm32,,352,adjacent decoded immediate push,0x00474068,0x0047D5A0,eax,dynamic,,,contiguous decoded five-instruction dispatcher pattern
gog_candidate,multi\minipkt.c,0x004A4030,0x00474252,decoded push imm32,,352,adjacent decoded immediate push,0x00474257,0x0047D5A0,eax,dynamic,,,contiguous decoded five-instruction dispatcher pattern
gog_candidate,main\WIN\winmain.c,0x004A4878,0x00478C02,decoded push imm32,,867,adjacent decoded immediate push,0x00478C07,0x0047D5A0,eax,dynamic,,,contiguous decoded five-instruction dispatcher pattern
gog_candidate,main\WIN\winmain.c,0x004A4878,0x00478F4D,decoded push imm32,,984,adjacent decoded immediate push,0x00478F52,0x0047D5A0,eax,dynamic,,,contiguous decoded five-instruction dispatcher pattern
gog_candidate,misc\strpool.c,0x004A49E8,0x0047C2E0,decoded push imm32,,59,adjacent decoded immediate push,0x0047C2E5,0x0047D5A0,edx,dynamic,,,contiguous decoded five-instruction dispatcher pattern
gog_candidate,misc\strpool.c,0x004A49E8,0x0047C429,decoded push imm32,,59,adjacent decoded immediate push,0x0047C42E,0x0047D5A0,edx,dynamic,,,contiguous decoded five-instruction dispatcher pattern
gog_candidate,misc\strpool.c,0x004A49E8,0x0047C488,decoded push imm32,,148,adjacent decoded immediate push,0x0047C48D,0x0047D5A0,0x0,null,,,contiguous decoded five-instruction dispatcher pattern
gog_candidate,io\resource.c,0x004A49F8,0x0047C612,decoded push imm32,,69,adjacent decoded immediate push,0x0047C617,0x0047D5A0,0x0,null,,,contiguous decoded five-instruction dispatcher pattern
gog_candidate,io\resource.c,0x004A49F8,0x0047C68C,decoded push imm32,,81,adjacent decoded immediate push,0x0047C691,0x0047D5A0,0x48bfd0,immediate_string,0x0048BFD0,Unable to open game data file!,contiguous decoded five-instruction dispatcher pattern
gog_candidate,io\resource.c,0x004A49F8,0x0047C849,decoded push imm32,,200,adjacent decoded immediate push,0x0047C84E,0x0047D5A0,eax,dynamic,,,contiguous decoded five-instruction dispatcher pattern
gog_candidate,io\resource.c,0x004A49F8,0x0047C99F,decoded push imm32,,200,adjacent decoded immediate push,0x0047C9A4,0x0047D5A0,eax,dynamic,,,contiguous decoded five-instruction dispatcher pattern
gog_candidate,io\resource.c,0x004A49F8,0x0047C9FE,decoded push imm32,,331,adjacent decoded immediate push,0x0047CA03,0x0047D5A0,0x4a4a68,immediate_string,0x004A4A68,Invalid data,contiguous decoded five-instruction dispatcher pattern
gog_candidate,io\resource.c,0x004A49F8,0x0047CA23,decoded push imm32,,334,adjacent decoded immediate push,0x0047CA28,0x0047D5A0,0x4a4a88,immediate_string,0x004A4A88,Ran out of memory or disk space.  Try clearing more disk space and running again.,contiguous decoded five-instruction dispatcher pattern
gog_candidate,io\resource.c,0x004A49F8,0x0047CAB8,decoded push imm32,,355,adjacent decoded immediate push,0x0047CABD,0x0047D5A0,0x0,null,,,contiguous decoded five-instruction dispatcher pattern
gog_candidate,io\resource.c,0x004A49F8,0x0047CAFF,decoded push imm32,,363,adjacent decoded immediate push,0x0047CB04,0x0047D5A0,0x4a4a88,immediate_string,0x004A4A88,Ran out of memory or disk space.  Try clearing more disk space and running again.,contiguous decoded five-instruction dispatcher pattern
gog_candidate,io\file.c,0x004A4B9C,0x0047E487,decoded push imm32,,140,adjacent decoded immediate push,0x0047E48C,0x0047D5A0,edx,dynamic,,,contiguous decoded five-instruction dispatcher pattern
gog_candidate,io\file.c,0x004A4B9C,0x0047E5B2,decoded push imm32,,140,adjacent decoded immediate push,0x0047E5B7,0x0047D5A0,eax,dynamic,,,contiguous decoded five-instruction dispatcher pattern
gog_candidate,io\file.c,0x004A4B9C,0x0047E624,decoded push imm32,,170,adjacent decoded immediate push,0x0047E629,0x0047D5A0,eax,dynamic,,,contiguous decoded five-instruction dispatcher pattern
gog_candidate,io\file.c,0x004A4B9C,0x0047E695,decoded push imm32,,193,adjacent decoded immediate push,0x0047E69A,0x0047D5A0,0x0,null,,,contiguous decoded five-instruction dispatcher pattern
gog_candidate,io\file.c,0x004A4B9C,0x0047E723,decoded push imm32,,221,adjacent decoded immediate push,0x0047E728,0x0047D5A0,0x0,null,,,contiguous decoded five-instruction dispatcher pattern
gog_candidate,io\file.c,0x004A4B9C,0x0047E87D,decoded push imm32,,221,adjacent decoded immediate push,0x0047E882,0x0047D5A0,0x0,null,,,contiguous decoded five-instruction dispatcher pattern
gog_candidate,io\file.c,0x004A4B9C,0x0047E935,decoded push imm32,,354,adjacent decoded immediate push,0x0047E93A,0x0047D5A0,esi,dynamic,,,contiguous decoded five-instruction dispatcher pattern
gog_candidate,io\memory.c,0x004A4BA8,0x0047EB87,decoded push imm32,,315,adjacent decoded immediate push,0x0047EB8C,0x0047D5A0,0x4a4a88,immediate_string,0x004A4A88,Ran out of memory or disk space.  Try clearing more disk space and running again.,contiguous decoded five-instruction dispatcher pattern
gog_candidate,graph\gfx\g_cds.c,0x004A54AC,0x00480B5B,decoded push imm32,,114,adjacent decoded immediate push,0x00480B60,0x0047D5A0,0x48c144,immediate_string,0x0048C144,GFXCDSSurface::create: Failed to create a surface.,contiguous decoded five-instruction dispatcher pattern
gog_candidate,graph\gfx\g_cds.c,0x004A54AC,0x00480C46,decoded push imm32,,210,adjacent decoded immediate push,0x00480C4B,0x0047D5A0,0x48c177,immediate_string,0x0048C177,GFXCDSSurface::setPalette: start out of range.,contiguous decoded five-instruction dispatcher pattern
gog_candidate,graph\gfx\g_cds.c,0x004A54AC,0x00480C70,decoded push imm32,,212,adjacent decoded immediate push,0x00480C75,0x0047D5A0,0x48c1a6,immediate_string,0x0048C1A6,GFXCDSSurface::setPalette: count out of range.,contiguous decoded five-instruction dispatcher pattern
gog_candidate,graph\gfx\g_cds.c,0x004A54AC,0x00480C9C,decoded push imm32,,214,adjacent decoded immediate push,0x00480CA1,0x0047D5A0,0x48c1d5,immediate_string,0x0048C1D5,GFXCDSSurface::setPalette: start+count out of range.,contiguous decoded five-instruction dispatcher pattern
gog_candidate,pack\unpack.c,0x004A54C0,0x00481327,decoded push imm32,,63,adjacent decoded immediate push,0x0048132C,0x0047D5A0,0x0,null,,,contiguous decoded five-instruction dispatcher pattern
